SALE TYPE,SOLD DATE,PROPERTY TYPE,ADDRESS,CITY,STATE OR PROVINCE,ZIP OR POSTAL CODE,PRICE,BEDS,BATHS,LOCATION,SQUARE FEET,LOT SIZE,YEAR BUILT,DAYS ON MARKET,$/SQUARE FEET,HOA/MONTH,STATUS,NEXT OPEN HOUSE START TIME,NEXT OPEN HOUSE END TIME,URL (SEE https://www.redfin.com/buy-a-home/comparative-market-analysis FOR INFO ON PRICING),SOURCE,MLS#,FAVORITE,INTERESTED,LATITUDE,LONGITUDE
PAST SALE,July-11-2022,Single Family Residential,15961 Chamfers Farm Rd,Chesterfield,MO,63005,735000,4,2.5,Chesterfield Meadow One,4238,22651,1977,,173,29,Sold,,,https://www.redfin.com/MO/Chesterfield/15961-Chamfers-Farm-Rd-63005/home/63126961,MARIS,22034678,N,Y,38.6361756,-90.5787831
PAST SALE,May-17-2022,Single Family Residential,208 Lions Head Dr,Wildwood,MO,63005,724999,5,3.5,Lions Head,4700,158558,1989,,154,125,Sold,,,https://www.redfin.com/MO/Wildwood/208-Lions-Head-Dr-63005/home/93485772,MARIS,22019052,N,Y,38.645316,-90.675277
PAST SALE,June-4-2021,Single Family Residential,2325 Sterling Pointe Dr,Chesterfield,MO,63005,900000,5,5.5,Dunhill Farm,6572,45302,1999,,137,125,Sold,,,https://www.redfin.com/MO/Chesterfield/2325-Sterling-Pointe-Dr-63005/home/93494840,MARIS,21018859,N,Y,38.6257431,-90.5879716
PAST SALE,August-5-2021,Single Family Residential,16607 Dresser Hill Dr,Wildwood,MO,63005,599000,4,2.5,Dresser Hill,3328,143312,1985,,180,83,Sold,,,https://www.redfin.com/MO/Wildwood/16607-Dresser-Hill-Dr-63005/home/93495579,MARIS,21039076,N,Y,38.6255586,-90.6198798
PAST SALE,March-19-2021,Single Family Residential,17605 Lance Leaf Ct,Wildwood,MO,63005,745000,5,4.5,Wildhorse Village J Three,4862,36155,1993,,153,67,Sold,,,https://www.redfin.com/MO/Wildwood/17605-Lance-Leaf-Ct-63005/home/93484883,MARIS,20084860,N,Y,38.6383022,-90.646295
PAST SALE,March-3-2020,Single Family Residential,16049 Wilson Manor Dr,Chesterfield,MO,63005,715000,5,4.5,Wilson Manors II 1,4761,22216,1988,,150,33,Sold,,,https://www.redfin.com/MO/Chesterfield/16049-Wilson-Manor-Dr-63005/home/87454711,MARIS,19081753,N,Y,38.6398579,-90.583904
PAST SALE,January-14-2019,Single Family Residential,1017 Wilmas Hollow Dr Lot 7,Chesterfield,MO,63005,1039000,6,4.5,Arbors at Wilmas Farm,5550,,,,187,79,Sold,,,https://www.redfin.com/MO/Chesterfield/1017-Wilmas-Hollow-Dr-63005/unit-7/home/146786257,MARIS,18067172,N,Y,38.6574813,-90.6296331
PAST SALE,November-5-2020,Single Family Residential,16412 Quiet Creek Ct,Clarkson Valley,MO,63005,710000,4,4.0,Kehrs Mill Trails 2,4658,91476,1977,,152,92,Sold,,,https://www.redfin.com/MO/Chesterfield/16412-Quiet-Creek-Ct-63005/home/93484781,MARIS,20081220,N,Y,38.6380465,-90.5978651
PAST SALE,October-29-2020,Single Family Residential,1219 Patchwork Flds Unit Enclave II,Chesterfield,MO,63005,949000,0,,Fienup Farms,4000,,,,237,,Sold,,,https://www.redfin.com/MO/Chesterfield/1219-Patchwork-Flds-63005/unit-Enclave-II/home/174593711,MARIS,20072394,N,Y,38.6606129,-90.5965275
PAST SALE,August-16-2021,Condo/Co-op,16809 Chesterfield Blfs,Chesterfield,MO,63005,534900,4,3.5,Villas At Chesterfield Bluffs Two,2291,2614,1997,,233,485,Sold,,,https://www.redfin.com/MO/Chesterfield/16809-Chesterfield-Bluffs-Cir-63005/home/93467398,MARIS,21041748,N,Y,38.664116,-90.5819812
PAST SALE,June-27-2018,Single Family Residential,17712 Wilding Place Dr,Wildwood,MO,63005,625000,4,4.5,Wildhorse Village H,4079,24829,1993,,153,67,Sold,,,https://www.redfin.com/MO/Wildwood/17712-Wilding-Place-Dr-63005/home/93485224,MARIS,18051988,N,Y,38.6408706,-90.6411106
PAST SALE,September-30-2020,Single Family Residential,2045 Wilson Ridge Ln,Chesterfield,MO,63005,609900,4,3.5,Wilson Farm Estates 2,3353,23522,1984,,182,13,Sold,,,https://www.redfin.com/MO/Chesterfield/2045-Wilson-Ridge-Ln-63005/home/93495417,MARIS,20051423,N,Y,38.6331927,-90.5895248
PAST SALE,October-6-2021,Single Family Residential,16214 Birchbrook,Wildwood,MO,63005,400000,4,2.5,Chesterfield Valley 1 A Sec Of,2329,23087,1983,,172,,Sold,,,https://www.redfin.com/MO/Wildwood/16214-Birchbrook-Ct-63005/home/93522151,MARIS,21062469,N,Y,38.6053349,-90.5998625
PAST SALE,December-1-2022,Single Family Residential,16978 Barn Owl Lane Dr Lot 196,Chesterfield,MO,63005,1326000,4,3.5,Fienup Farms,5200,21780,,,255,,Sold,,,https://www.redfin.com/MO/Chesterfield/16978-Barn-Owl-Ln-63005/unit-196/home/177948307,MARIS,22005379,N,Y,38.659509,-90.600697
PAST SALE,May-27-2022,Single Family Residential,418 Pine Bend Dr,Wildwood,MO,63005,949500,5,4.5,Pine Creek,4859,26136,1996,,195,,Sold,,,https://www.redfin.com/MO/Wildwood/418-Pine-Bend-Dr-63005/home/93485921,MARIS,22010237,N,Y,38.638589,-90.6537026
PAST SALE,July-31-2019,Single Family Residential,1464 Chesterfield Estates Dr,Chesterfield,MO,63005,649000,4,4.5,Chesterfield Estates,2905,22651,1990,,223,23,Sold,,,https://www.redfin.com/MO/Chesterfield/1464-Chesterfield-Estates-Dr-63005/home/93476739,MARIS,19037492,N,Y,38.6496724,-90.6035063
PAST SALE,September-18-2020,Single Family Residential,501 Mustang Valley Ct,Chesterfield,MO,63005,574900,4,4.5,Estates At Baxter Pointe The,3379,10890,1999,,170,46,Sold,,,https://www.redfin.com/MO/Chesterfield/501-Mustang-Valley-Ct-63005/home/93626439,MARIS,20051490,N,Y,38.654784,-90.5807981
PAST SALE,February-28-2022,Single Family Residential,27 Seven Oaks Dr,Chesterfield,MO,63005,1500000,4,5.5,Forest Hills Club Estates Area 5a,6564,96268,1976,,229,,Sold,,,https://www.redfin.com/MO/Chesterfield/27-Seven-Oaks-Dr-63005/home/93494707,MARIS,22008825,N,Y,38.6219367,-90.5952204
PAST SALE,November-29-2018,Single Family Residential,18060 Babler Woods Rd,Wildwood,MO,63005,425000,4,5.0,Babler Woods,2356,169448,1983,,180,,Sold,,,https://www.redfin.com/MO/Wildwood/18060-Babler-Woods-Rd-63005/home/62748121,MARIS,18092090,N,Y,38.6330525,-90.6763781
PAST SALE,April-29-2022,Single Family Residential,1138 Wildhorse Parkway Dr,Chesterfield,MO,63005,775000,6,5.5,Wildhorse Village A,5376,40946,1994,,144,83,Sold,,,https://www.redfin.com/MO/Chesterfield/1138-Wildhorse-Parkway-Dr-63005/home/93477013,MARIS,22009037,N,Y,38.6509263,-90.6299293
PAST SALE,April-20-2021,Single Family Residential,2125 Riding Trail Dr,St Louis,MO,63005,800000,8,5.0,Sea Beauty Farm,4106,,1996,,195,,Sold,,,https://www.redfin.com/MO/Chesterfield/2125-Riding-Trail-Dr-63005/home/93495546,MARIS,21016293,N,Y,38.6312838,-90.5820367
PAST SALE,November-1-2021,Single Family Residential,1215 Patchwork Flds Lot 201,Chesterfield,MO,63005,1190000,5,4.5,Fienup Farms,5600,21780,,,213,,Sold,,,https://www.redfin.com/MO/Chesterfield/1215-Patchwork-Flds-63005/unit-201/home/175869584,MARIS,21007997,N,Y,38.6605889,-90.598261
PAST SALE,April-24-2019,Single Family Residential,17630 Bridgeway Dr,Chesterfield,MO,63005,679900,5,5.0,Wildhorse Village B,3885,24394,1989,,175,,Sold,,,https://www.redfin.com/MO/Chesterfield/17630-Bridgeway-Dr-63005/home/62696086,MARIS,19029087,N,Y,38.6487338,-90.6263015
PAST SALE,January-20-2020,Single Family Residential,1322 Countryside Forrest,Chesterfield,MO,63005,799900,4,4.5,Countryside At Chesterfield Three,5342,22216,1995,,150,,Sold,,,https://www.redfin.com/MO/Chesterfield/1322-Countryside-Forrest-Ct-63005/home/93476724,MARIS,20004762,N,Y,38.6531831,-90.6214898
PAST SALE,July-3-2019,Single Family Residential,1411 Highland Valley Cir,Wildwood,MO,63005,725000,4,7.5,Highlands Of Chesterfield Highland,5119,32234,1990,,142,,Sold,,,https://www.redfin.com/MO/Wildwood/1411-Highland-Valley-Cir-63005/home/93485276,MARIS,19050397,N,Y,38.6356174,-90.6276341
PAST SALE,,Single Family Residential,16745 Benton Taylor Dr,Chesterfield,MO,63005,650000,4,4.0,,4168,12197,2000,,156,,,,,https://www.redfin.com/MO/Chesterfield/16745-Benton-Taylor-Dr-63005/home/62734740,,,N,Y,38.657416,-90.5827762
PAST SALE,May-14-2019,Single Family Residential,17663 Westhampton Woods Dr,Wildwood,MO,63005,569900,5,5.5,Westhampton Woods 2,3512,22216,1998,,162,,Sold,,,https://www.redfin.com/MO/Wildwood/17663-Westhampton-Woods-Dr-63005/home/93496187,MARIS,19037723,N,Y,38.6235249,-90.6474616
PAST SALE,August-24-2021,Single Family Residential,462 Pine Bend Dr,Wildwood,MO,63005,1000000,4,4.5,Pine Creek,4194,48352,1997,,238,,Sold,,,https://www.redfin.com/MO/Wildwood/462-Pine-Bend-Dr-63005/home/93485930,MARIS,21042915,N,Y,38.6415246,-90.6562214
PAST SALE,,Single Family Residential,867 Stone Meadow Dr,Chesterfield,MO,63005,405000,2,2.5,,2737,3485,1999,,148,,,,,https://www.redfin.com/MO/Chesterfield/867-Stone-Meadow-Dr-63005/home/93626482,,,N,Y,38.6511204,-90.5787055
PAST SALE,,Single Family Residential,310 Oak Stand Ct,Chesterfield,MO,63005,775000,4,3.5,,3715,9583,2013,,209,,,,,https://www.redfin.com/MO/Chesterfield/310-Oak-Stand-Ct-63005/home/93329793,,,N,Y,38.6583109,-90.5780573
PAST SALE,December-1-2020,Single Family Residential,208 Vonbehren Dr,Chesterfield,MO,63005,489900,4,3.5,Chesterfield Farms One,3708,7405,2007,,132,38,Sold,,,https://www.redfin.com/MO/Chesterfield/208-Vonbehren-Dr-63005/home/93476504,MARIS,20064080,N,Y,38.661871,-90.5843831
PAST SALE,December-1-2022,Single Family Residential,1308 Towles Farm,Chesterfield,MO,63005,690000,4,3.0,Country Place At Chesterfield One,3526,43560,1987,,196,,Sold,,,https://www.redfin.com/MO/Chesterfield/1308-Towles-Farm-Ct-63005/home/93476792,MARIS,22024626,N,Y,38.6537344,-90.6100919
PAST SALE,March-18-2019,Single Family Residential,2626 Sun Meadow Dr,Wildwood,MO,63005,434900,4,2.5,Valley View 1,3408,20038,1979,,128,,Sold,,,https://www.redfin.com/MO/Wildwood/2626-Sun-Meadow-Dr-63005/home/93507003,MARIS,19006459,N,Y,38.611975,-90.5998255
PAST SALE,December-19-2018,Single Family Residential,933 Silver Buck Ln,Chesterfield,MO,63304,670763,5,3.5,Bur Oaks,3509,,,,191,,Sold,,,https://www.redfin.com/MO/Chesterfield/933-Silver-Buck-Ln-63005/home/148530827,MARIS,18095244,N,Y,38.6567111,-90.6395369
PAST SALE,August-14-2020,Single Family Residential,16232 Bear Branch Ct,Wildwood,MO,63005,360000,4,3.0,Chesterfield Valley 2 A Sec Of,3124,15682,1984,,115,,Sold,,,https://www.redfin.com/MO/Wildwood/16232-Bear-Branch-Ct-63005/home/93522235,MARIS,20050610,N,Y,38.6069017,-90.59805
PAST SALE,June-5-2020,Single Family Residential,840 Babler Park,Wildwood,MO,63005,1150000,3,3.0,Wildwood,2387,784080,1986,,482,,Sold,,,https://www.redfin.com/MO/Wildwood/840-Babler-Park-Dr-63005/home/172052309,MARIS,20040085,N,Y,38.620434,-90.675895
PAST SALE,,Single Family Residential,934 Silver Buck Ln,Chesterfield,MO,63005,740000,4,3.5,,4442,14985,2017,,167,,,,,https://www.redfin.com/MO/Chesterfield/934-Silver-Buck-Ln-63005/home/140414712,,,N,Y,38.6560384,-90.6389629
PAST SALE,July-27-2020,Single Family Residential,16667 Annas Way,Chesterfield,MO,63005,1000000,5,6.0,Summit At Wildhorse The,6733,84506,1996,,149,,Sold,,,https://www.redfin.com/MO/Wildwood/16667-Annas-Way-63005/home/62724775,MARIS,20043043,N,Y,38.635939,-90.6439249
PAST SALE,June-12-2018,Single Family Residential,16258 Bent Tree Dr,Chesterfield,MO,63005,435500,4,2.5,Bent Tree 1,2366,12066,1982,,184,,Sold,,,https://www.redfin.com/MO/Chesterfield/16258-Bent-Tree-Dr-63005/home/93495509,MARIS,19002959,N,Y,38.6325267,-90.5792637
PAST SALE,June-25-2021,Single Family Residential,16008 Aston Ct,Chesterfield,MO,63005,845000,5,4.5,Wilson Manors,4599,26136,1989,,184,38,Sold,,,https://www.redfin.com/MO/Chesterfield/16008-Aston-Ct-63005/home/93484578,MARIS,21026897,N,Y,38.6382925,-90.5815191
PAST SALE,July-9-2020,Single Family Residential,1143 Wildhorse Mdws,Chesterfield,MO,63005,535000,4,3.5,Spring Hill Bluffs,3566,16117,2001,,150,34,Sold,,,https://www.redfin.com/MO/Chesterfield/1143-Wildhorse-Meadows-Dr-63005/home/93624691,MARIS,20035953,N,Y,38.6595229,-90.6153464
PAST SALE,June-25-2021,Single Family Residential,17631 Myrtlewood Dr,Wildwood,MO,63005,799900,5,6.0,Wildhorse Village I Two Lts 240 &,4957,23522,1995,,161,,Sold,,,https://www.redfin.com/MO/Wildwood/17631-Myrtlewood-Dr-63005/home/93485320,MARIS,21029750,N,Y,38.6365601,-90.6351863
PAST SALE,October-8-2020,Single Family Residential,16929 Lake Mdw Unit Enclave II,Chesterfield,MO,63005,949000,0,,Fienup Farms,4000,,,,237,,Sold,,,https://www.redfin.com/MO/Chesterfield/16929-Lake-Mdw-63005/unit-Enclave-II/home/174593452,MARIS,20066409,N,Y,38.657474,-90.5997331
PAST SALE,October-31-2022,Single Family Residential,16970 Barn Owl Ln Lot 198,Chesterfield,MO,63005,1331000,5,4.5,Fienup Farms,5600,21780,,,238,,Sold,,,https://www.redfin.com/MO/Chesterfield/16970-Barn-Owl-Ln-63005/unit-198/home/177477592,MARIS,21084594,N,Y,38.659825,-90.599809
PAST SALE,June-29-2022,Single Family Residential,284 Herworth Dr,Chesterfield,MO,63005,990000,4,4.0,Forest Hills,4500,44867,1979,,220,,Sold,,,https://www.redfin.com/MO/Chesterfield/284-Herworth-Dr-63005/home/93507013,MARIS,22006056,N,Y,38.6135443,-90.5974952
PAST SALE,September-6-2022,Single Family Residential,16645 Chesterfield Manor Dr,Chesterfield,MO,63005,525000,3,2.0,Chesterfield Farms One,2190,8712,1994,,240,41,Sold,,,https://www.redfin.com/MO/Chesterfield/16645-Chesterfield-Manor-Dr-63005/home/93476496,MARIS,22036520,N,Y,38.6604249,-90.5843286
PAST SALE,May-4-2023,Single Family Residential,234 Herworth Dr,Chesterfield,MO,63005,1150000,5,4.5,Forest Hills Club Estates Area 7-A,3526,44867,1984,,326,,Sold,,,https://www.redfin.com/MO/Chesterfield/234-Herworth-Dr-63005/home/93505756,MARIS,23012754,N,Y,38.6118554,-90.5951464
PAST SALE,March-29-2023,Single Family Residential,153 Brighthurst Dr,Chesterfield,MO,63005,639000,4,2.5,Chesterfield Farms Two,2523,7841,1994,,253,50,Sold,,,https://www.redfin.com/MO/Chesterfield/153-Brighthurst-Dr-63005/home/93467369,MARIS,23003229,N,Y,38.6629823,-90.5916883
PAST SALE,March-1-2022,Single Family Residential,1410 Country Lake Estates Dr,Chesterfield,MO,63005,1195000,6,6.0,Country Lake Estates,6702,36155,1997,,178,63,Sold,,,https://www.redfin.com/MO/Chesterfield/1410-Country-Lake-Estates-Dr-63005/home/93476588,MARIS,21086970,N,Y,38.6494089,-90.6226001
PAST SALE,August-19-2019,Single Family Residential,16706 Chesterfield Mnr,Chesterfield,MO,63005,510000,4,3.0,Chesterfield Farms One,3577,9148,1994,,143,,Sold,,,https://www.redfin.com/MO/Chesterfield/16706-Chesterfield-Manor-Dr-63005/home/93476614,MARIS,19062324,N,Y,38.6599954,-90.587241
PAST SALE,August-16-2022,Condo/Co-op,14300 Conway Meadows Ct #308,St Louis,MO,63005,325000,3,2.0,Conway Meadows,2400,,1982,,135,,Sold,,,https://www.redfin.com/MO/St-Louis/14300-Conway-Meadows-CT-63005/unit-308/home/183801006,MARIS,23002092,N,Y,38.6299452,-90.6962853
PAST SALE,April-21-2022,Single Family Residential,16121 Walnut Hill Farm Dr,Chesterfield,MO,63005,975000,6,4.5,US Surv 2760,7720,182952,1974,,126,4,Sold,,,https://www.redfin.com/MO/Chesterfield/16121-Walnut-Hill-Farm-Dr-63005/home/85052073,MARIS,22024850,N,Y,38.6514645,-90.5893769
PAST SALE,June-25-2020,Single Family Residential,1119 Wildhorse Meadows Dr,Chesterfield,MO,63005,600000,4,4.0,Spring Hill Bluffs,4398,23958,1998,,136,34,Sold,,,https://www.redfin.com/MO/Chesterfield/1119-Wildhorse-Meadows-Dr-63005/home/93626817,MARIS,20021338,N,Y,38.6577391,-90.615772
PAST SALE,July-23-2020,Single Family Residential,344 Wild Horse Canyon Dr,Wildwood,MO,63005,775000,4,3.5,Wild Horse Canyon,3409,152460,1993,,227,,Sold,,,https://www.redfin.com/MO/Wildwood/344-Wild-Horse-Canyon-Dr-63005/home/62693441,MARIS,20043059,N,Y,38.6409893,-90.6640013
PAST SALE,May-23-2022,Single Family Residential,349 Larimore Vly,Wildwood,MO,63005,2030166,4,4.5,Wildhorse Spring Farm Nine,6099,82764,,,333,,Sold,,,https://www.redfin.com/MO/Wildwood/349-Larimore-Valley-Dr-63005/home/66597743,MARIS,22029952,N,Y,38.637272,-90.683148
PAST SALE,June-25-2018,Single Family Residential,15905 Craddock Way,Chesterfield,MO,63005,460000,4,2.5,Chesterfield Meadow One,2749,22651,1978,,167,30,Sold,,,https://www.redfin.com/MO/Chesterfield/15905-Craddock-Way-63005/home/93484609,MARIS,18051382,N,Y,38.6362069,-90.5765833
PAST SALE,August-5-2020,Single Family Residential,1225 Fienup Lake Dr,Chesterfield,MO,63005,770610,6,5.0,Fienup Farms,3546,,,,217,125,Sold,,,https://www.redfin.com/MO/Chesterfield/1225-Fienup-Lake-Dr-63005/home/172663761,MARIS,20055918,N,Y,38.6592397,-90.5979331
PAST SALE,June-6-2022,Single Family Residential,16200 Wynncrest Ridge Ct,Wildwood,MO,63005,799900,5,5.0,Wynncrest Three,6804,25700,2003,,118,63,Sold,,,https://www.redfin.com/MO/Wildwood/16200-Wynncrest-Ridge-Ct-63005/home/93318529,MARIS,22001410,N,Y,38.6113152,-90.6046162
PAST SALE,June-29-2022,Single Family Residential,17019 Lakeside Rdg Lot 220,Chesterfield,MO,63005,1331000,5,4.5,Fienup Farms,5600,21780,,,238,,Sold,,,https://www.redfin.com/MO/Chesterfield/17019-Lakeside-Rdg-63005/unit-220/home/176181810,MARIS,21060717,N,Y,38.658871,-90.6031018
PAST SALE,July-15-2021,Single Family Residential,1336 Westhampton Woods Ct,Wildwood,MO,63005,600000,4,3.5,Westhampton Woods One,3660,21344,1996,,164,18,Sold,,,https://www.redfin.com/MO/Wildwood/1336-Westhampton-Woods-Ct-63005/home/93496322,MARIS,21018416,N,Y,38.6221758,-90.6542767
PAST SALE,February-26-2021,Single Family Residential,1237 Fienup Lake Dr,Chesterfield,MO,63005,665589,4,2.5,Fienup Farms,3215,,,,207,125,Sold,,,https://www.redfin.com/MO/Chesterfield/1237-Fienup-Lake-Dr-63005/home/174603611,MARIS,21012988,N,Y,38.6586298,-90.5979575
PAST SALE,March-25-2021,Single Family Residential,17517 Melanie Ridge Ct,Wildwood,MO,63005,665000,4,4.5,Highlands Of Chesterfield Highland,4607,22216,1997,,144,72,Sold,,,https://www.redfin.com/MO/Wildwood/17517-Melanie-Ridge-Ct-63005/home/62702113,MARIS,21009762,N,Y,38.6348067,-90.6298367
PAST SALE,April-21-2021,Single Family Residential,17925 Homestead Bluffs Dr,Wildwood,MO,63005,915000,4,4.5,Homestead Estates,5753,52620,2007,,159,104,Sold,,,https://www.redfin.com/MO/Wildwood/17925-Homestead-Bluffs-Dr-63005/home/93328296,MARIS,21025747,N,Y,38.6007116,-90.6703004
PAST SALE,March-21-2022,Single Family Residential,2636 Wynncrest Ridge Ct,Wildwood,MO,63005,875000,5,4.5,Wynncrest Two,6864,19994,2003,,127,,Sold,,,https://www.redfin.com/MO/Wildwood/2636-Wynncrest-Ridge-Dr-63005/home/93318513,MARIS,22007096,N,Y,38.6090062,-90.60728
PAST SALE,June-29-2021,Single Family Residential,381 Herworth Ct,Chesterfield,MO,63005,529900,4,3.5,Forest Hills Club Estates,4443,55321,1979,,119,46,Sold,,,https://www.redfin.com/MO/Chesterfield/381-Herworth-Ct-63005/home/93507637,MARIS,21030718,N,Y,38.6159981,-90.5985309
PAST SALE,May-17-2021,Single Family Residential,1537 Honey Locust Ct,Wildwood,MO,63005,749900,5,4.5,Wildhorse Village I One,6236,23522,1993,,120,67,Sold,,,https://www.redfin.com/MO/Wildwood/1537-Honey-Locust-Ct-63005/home/62761936,MARIS,21008135,N,Y,38.6377129,-90.6341497
PAST SALE,January-26-2021,Single Family Residential,16805 Pacland Pl,Chesterfield,MO,63005,775000,4,4.0,Hennemeyer Acres,3843,132858,1984,,202,,Sold,,,https://www.redfin.com/MO/Chesterfield/16805-Pacland-Pl-63005/home/93484894,MARIS,20044023,N,Y,38.6475574,-90.6163826
PAST SALE,December-27-2019,Single Family Residential,16945 Lake Meadow Dr Lot 210,Chesterfield,MO,63305,1240000,4,4.0,Fienup Farms,5308,,,,234,,Sold,,,https://www.redfin.com/MO/Chesterfield/16945-Lake-Mdw-63005/unit-210/home/174592411,MARIS,19090600,N,Y,38.6572599,-90.6010487
PAST SALE,,Single Family Residential,16252 Windfall Ridge Ct,Chesterfield,MO,63005,,3,2.5,,2192,14375,1982,,,,Sold,,,https://www.redfin.com/MO/Chesterfield/16252-Windfall-Ridge-Dr-63005/home/84625972,MARIS,,N,Y,38.6335591,-90.5776369
PAST SALE,June-4-2020,Single Family Residential,1179 Patchwork Flds,Chesterfield,MO,63005,939302,5,4.5,Fienup Farms,3410,,,,275,125,Sold,,,https://www.redfin.com/MO/Chesterfield/1179-Patchwork-Flds-63005/home/171979912,MARIS,20038028,N,Y,38.6607561,-90.5986233
PAST SALE,April-24-2020,Single Family Residential,16941 Lake Mdw Lot 209,Chesterfield,MO,63005,949000,3,3.5,Fienup Farms,4214,,,,225,,Sold,,,https://www.redfin.com/MO/Chesterfield/16941-Lake-Mdw-63005/unit-209/home/174592782,MARIS,20025348,N,Y,38.6574186,-90.6010577
PAST SALE,February-8-2022,Single Family Residential,11 Jennycliffe Ln,Chesterfield,MO,63005,849000,4,4.0,Forest Hills Club Estates Area 2 Resub,3314,40946,1972,,256,,Sold,,,https://www.redfin.com/MO/Chesterfield/11-Jennycliffe-Ln-63005/home/93494714,MARIS,21082286,N,Y,38.6227063,-90.5888591
PAST SALE,June-30-2021,Single Family Residential,16933 Lake Mdw Lot 207,Chesterfield,MO,63005,1079000,5,4.5,Fienup Farms,5600,21780,,,193,,Sold,,,https://www.redfin.com/MO/Chesterfield/16933-Lake-Mdw-63005/unit-207/home/174368363,MARIS,21007998,N,Y,38.6572599,-90.6010487
PAST SALE,April-5-2023,Single Family Residential,1004 Yellowwood Ct,Chesterfield,MO,63005,799900,5,3.5,Wildhorse,5020,30492,1995,,159,83,Sold,,,https://www.redfin.com/MO/Chesterfield/1004-Yellowwood-Ct-63005/home/62707992,MARIS,22067258,N,Y,38.6550016,-90.6337794
PAST SALE,June-12-2020,Condo/Co-op,872 Stone Meadow Dr,Chesterfield,MO,63005,375000,2,2.5,Stonehill Village,2462,3920,1999,,152,350,Sold,,,https://www.redfin.com/MO/Chesterfield/872-Stone-Meadow-Dr-63005/home/93626404,MARIS,20029675,N,Y,38.6513511,-90.5792558
PAST SALE,July-31-2019,Single Family Residential,478 Pine Bnd,Wildwood,MO,63005,849000,4,3.5,Pine Creek,3816,46609,1996,,222,31,Sold,,,https://www.redfin.com/MO/Wildwood/478-Pine-Bend-Dr-63005/home/62724457,MARIS,19046717,N,Y,38.6430771,-90.6569623
PAST SALE,July-14-2021,Single Family Residential,17601 Lisa Valley Ct,Wildwood,MO,63005,795000,4,4.5,Highland of Chesterfield,5004,22216,1997,,159,76,Sold,,,https://www.redfin.com/MO/Wildwood/17601-Lisa-Valley-Ct-63005/home/93496365,MARIS,21050218,N,Y,38.6336991,-90.6300958
PAST SALE,March-2-2021,Single Family Residential,16701 Chesterfield Farms,Chesterfield,MO,63005,455000,4,3.5,Chesterfield Farms One,2146,7841,,,212,,Sold,,,https://www.redfin.com/MO/Chesterfield/16701-Chesterfield-Farms-Dr-63005/home/93467329,MARIS,21011298,N,Y,38.6633365,-90.5861694
PAST SALE,June-15-2018,Single Family Residential,270 Herworth Dr,Chesterfield,MO,63005,830000,4,3.5,Forest Hills Club Estates Area 7-A,4693,42689,1981,,177,,Sold,,,https://www.redfin.com/MO/Chesterfield/270-Herworth-Dr-63005/home/93631062,MARIS,19003033,N,Y,38.6128289,-90.5971438
PAST SALE,November-15-2019,Single Family Residential,16955 Pine Summit Dr,Chesterfield,MO,63005,854220,5,4.5,Fienup Farms,3410,12197,,,251,125,Sold,,,https://www.redfin.com/MO/Chesterfield/16955-Pine-Summit-Dr-63005/home/169843246,MARIS,19084091,N,Y,38.6565634,-90.6006084
PAST SALE,January-4-2021,Single Family Residential,17024 Lakeside Ridge Dr Lot 216,Chesterfield,MO,63005,1065000,4,4.0,Fienup Farms,5200,21780,,,205,,Sold,,,https://www.redfin.com/MO/Chesterfield/17024-Lakeside-Rdg-63005/unit-216/home/182651943,MARIS,20089373,N,Y,38.6591706,-90.6043202
PAST SALE,June-16-2022,Single Family Residential,16353 Wilson Farm,Chesterfield,MO,63005,725000,4,3.5,Wilson Farm Estates 1,3747,23958,1983,,193,29,Sold,,,https://www.redfin.com/MO/Chesterfield/16353-Wilson-Farm-Dr-63005/home/93495553,MARIS,22020396,N,Y,38.6343794,-90.5857344
PAST SALE,April-26-2021,Single Family Residential,16982 Barn Owl Lane Dr Lot 195,Chesterfield,MO,63005,1065000,4,3.5,Fienup Farms,5200,21780,,,205,,Sold,,,https://www.redfin.com/MO/Chesterfield/16982-Barn-Owl-Ln-63005/unit-195/home/182652486,MARIS,21007994,N,Y,38.6595303,-90.6010604
PAST SALE,August-24-2020,Single Family Residential,1229 Fienup Lake Dr,Chesterfield,MO,63005,668492,4,3.5,Fienup Farms,3215,,,,208,125,Sold,,,https://www.redfin.com/MO/Chesterfield/1229-Fienup-Lake-Dr-63005/home/172906157,MARIS,20060597,N,Y,38.6591001,-90.5979289
PAST SALE,May-4-2020,Single Family Residential,16937 Lake Mdw Lot 208,Chesterfield,MO,63005,1029000,4,3.5,Fienup Farms,5200,21780,,,198,,Sold,,,https://www.redfin.com/MO/Chesterfield/16937-Lake-Mdw-63005/unit-208/home/174593748,MARIS,20027133,N,Y,38.6572599,-90.6010487
PAST SALE,October-29-2019,Single Family Residential,17012 Lakeside Rdg,Chesterfield,MO,63005,1059000,4,3.5,Fienup Farms,3800,21780,,,279,,Sold,,,https://www.redfin.com/MO/Chesterfield/17012-Lakeside-Rdg-63005/home/169594107,MARIS,19061283,N,Y,38.6586849,-90.6032104
PAST SALE,August-3-2021,Single Family Residential,2605 Valley Rd,Wildwood,MO,63005,729000,5,5.5,Oaks At Forest Hills The,7000,24394,2005,,104,,Sold,,,https://www.redfin.com/MO/Wildwood/2605-Valley-Rd-63005/home/62689577,MARIS,21027219,N,Y,38.6129823,-90.5992152
PAST SALE,June-25-2020,Condo/Co-op,1207 Gooseberry Ln,Chesterfield,MO,63005,870806,2,2.5,Fienup Farms,2521,10890,,,345,175,Sold,,,https://www.redfin.com/MO/Chesterfield/1207-Gooseberry-Ln-63005/home/171041291,MARIS,20015231,N,Y,38.6620245,-90.6004757
PAST SALE,September-16-2022,Single Family Residential,16974 Barn Owl Lane Dr Lot 197,Chesterfield,MO,63005,1326000,4,3.5,Fienup Farms,5200,21780,,,255,,Sold,,,https://www.redfin.com/MO/Chesterfield/16974-Barn-Owl-Ln-63005/unit-197/home/177477254,MARIS,21084581,N,Y,38.659947,-90.601119
PAST SALE,November-24-2020,Single Family Residential,17706 Chaistain Ct,Chesterfield,MO,63005,750000,5,4.5,Wildhorse Village,6528,27007,1989,,115,,Sold,,,https://www.redfin.com/MO/Chesterfield/17706-Chaistain-Ct-63005/home/93485532,MARIS,20074909,N,Y,38.6485651,-90.6294982
PAST SALE,February-21-2023,Single Family Residential,18251 Canyon Forest Ct,Chesterfield,MO,63005,1850000,4,4.5,Estates At Wildhorse Canyon,6386,67387,2008,,290,183,Sold,,,https://www.redfin.com/MO/Chesterfield/18251-Canyon-Forest-Ct-63005/home/93327513,MARIS,23001862,N,Y,38.6473041,-90.6628898
PAST SALE,March-12-2021,Single Family Residential,1815 Wills Trace Rdg,Wildwood,MO,63005,1850000,4,4.5,Will Trace Add,6877,93218,2005,,269,,Sold,,,https://www.redfin.com/MO/Wildwood/1815-Wills-Trace-Rdg-63005/home/93321922,MARIS,21016274,N,Y,38.6383215,-90.61209
PAST SALE,June-24-2020,Single Family Residential,16696 Annas Way,Wildwood,MO,63005,950000,5,5.0,The Summit At Wildhorse,4538,95832,1994,,209,117,Sold,,,https://www.redfin.com/MO/Wildwood/16696-Annas-Way-63005/home/93484944,MARIS,20033378,N,Y,38.6377433,-90.6436287
PAST SALE,May-8-2020,Single Family Residential,711 Wycliffe Place Ct,Wildwood,MO,63005,799000,5,4.5,Wycliffe,6233,17424,2005,,128,,Sold,,,https://www.redfin.com/MO/Wildwood/711-Wycliffe-Place-Ct-63005/home/93320598,MARIS,20031247,N,Y,38.622689,-90.620453
PAST SALE,April-18-2019,Single Family Residential,10 Forest Hills Ridge Ct,Chesterfield,MO,63005,869900,6,8.0,Forest Hills Ridge,9879,44867,1989,,88,50,Sold,,,https://www.redfin.com/MO/Chesterfield/10-Forest-Hills-Ridge-Ct-63005/home/82996080,MARIS,19027850,N,Y,38.6219107,-90.5840519
PAST SALE,April-29-2021,Single Family Residential,17503 Country Lake Estates Ct,Chesterfield,MO,63005,1075000,5,4.5,Country Lake Estates,5755,23522,2000,,187,63,Sold,,,https://www.redfin.com/MO/Chesterfield/17503-Country-Lake-Estates-Ct-63005/home/93477343,MARIS,21009774,N,Y,38.652429,-90.6246729
PAST SALE,September-30-2022,Single Family Residential,1400 Christmas Valley Dr,Wildwood,MO,63005,409000,3,1.5,Wildwood,1660,140655,1971,,246,6,Sold,,,https://www.redfin.com/MO/Wildwood/1400-Christmas-Valley-Dr-63005/home/93496123,MARIS,22058340,N,Y,38.6230806,-90.6387963
PAST SALE,September-14-2021,Single Family Residential,2485 Peppermill Rdg,Wildwood,MO,63005,550000,4,3.5,Brentmoor Place 1,3116,20909,1980,,177,,Sold,,,https://www.redfin.com/MO/Wildwood/2485-Peppermill-Ridge-Dr-63005/home/93507131,MARIS,21047912,N,Y,38.6155585,-90.6083159
PAST SALE,June-24-2022,Single Family Residential,17762 Westhampton Woods Dr,Wildwood,MO,63005,595000,5,4.5,Westhampton Woods 2,4522,27007,1997,,132,18,Sold,,,https://www.redfin.com/MO/Wildwood/17762-Westhampton-Woods-Dr-63005/home/93496120,MARIS,22012436,N,Y,38.6214222,-90.6442293
PAST SALE,,Single Family Residential,16611 Chesterfield Farms Dr,Chesterfield,MO,63005,420000,3,2.5,,2192,7405,1993,,192,,,,,https://www.redfin.com/MO/Chesterfield/16611-Chesterfield-Farms-Dr-63005/home/62757826,,,N,Y,38.6622498,-90.5825544
PAST SALE,August-21-2020,Single Family Residential,108 Chippenham,Chesterfield,MO,63005,585000,4,3.5,Forest Hills Club Estates Area 5a,2475,39204,1975,,236,,Sold,,,https://www.redfin.com/MO/Chesterfield/108-Chippenham-Ln-63005/home/62691059,MARIS,20063654,N,Y,38.6195052,-90.5938704
PAST SALE,September-11-2018,Single Family Residential,1060 Wilmas Farm Dr Lot 18,Chesterfield,MO,63005,919000,6,4.5,Arbors at Wilmas Farm,5550,,,,166,79,Sold,,,https://www.redfin.com/MO/Chesterfield/1060-Wilmas-Farm-Dr-63005/unit-18/home/174140476,MARIS,18067187,N,Y,38.6565055,-90.6283004
PAST SALE,August-4-2020,Single Family Residential,2004 Kingspointe Dr,Chesterfield,MO,63005,1400000,6,6.0,Kingspointe 2b,7136,46609,1991,,196,92,Sold,,,https://www.redfin.com/MO/Chesterfield/2004-Kingspointe-Dr-63005/home/77620902,MARIS,20056223,N,Y,38.6332298,-90.5984014
PAST SALE,November-9-2021,Single Family Residential,1536 Honey Locust Ct,Wildwood,MO,63005,610000,5,4.5,Wildhorse Village,3650,22216,1993,,167,,Sold,,,https://www.redfin.com/MO/Wildwood/1536-Honey-Locust-Ct-63005/home/93485213,MARIS,21080187,N,Y,38.6371599,-90.6341311
PAST SALE,June-16-2021,Single Family Residential,16064 Wilson Manor Dr,Chesterfield,MO,63005,835000,4,4.5,Wilson Manors,5361,22651,1987,,156,,Sold,,,https://www.redfin.com/MO/Chesterfield/16064-Wilson-Manor-Dr-63005/home/93484641,MARIS,21027500,N,Y,38.6390568,-90.5843662
PAST SALE,July-13-2021,Single Family Residential,16218 Wilson View Ests,Chesterfield,MO,63005,440000,5,4.0,Wilson View Estates,2344,12197,1986,,188,,Sold,,,https://www.redfin.com/MO/Chesterfield/16218-Wilson-View-Estates-Dr-63005/home/93495530,MARIS,21049542,N,Y,38.6310288,-90.5797628
PAST SALE,June-8-2020,Single Family Residential,1227 Patchwork Flds Lot 204,Chesterfield,MO,63005,1059000,5,4.5,Fienup Farms,5600,21780,,,189,,Sold,,,https://www.redfin.com/MO/Chesterfield/1227-Patchwork-Flds-63005/unit-204/home/174593978,MARIS,20026221,N,Y,38.6606129,-90.5965275
PAST SALE,April-17-2023,Single Family Residential,16443 Sundance Creek Ct,Wildwood,MO,63005,574900,4,3.0,Valley View 1,3365,31363,1979,,171,21,Sold,,,https://www.redfin.com/MO/Wildwood/16443-Sundance-Creek-Ct-63005/home/93507048,MARIS,23012524,N,Y,38.6119202,-90.602526
PAST SALE,October-12-2021,Single Family Residential,16142 Wilson Manor Dr,Chesterfield,MO,63005,855000,5,4.5,Wilson Manors II 3,5194,57600,1989,,165,,Sold,,,https://www.redfin.com/MO/Chesterfield/16142-Wilson-Manor-Dr-63005/home/93484503,MARIS,21042892,N,Y,38.6400647,-90.5876203
PAST SALE,July-17-2020,Single Family Residential,58 Pacland Estates Dr,Chesterfield,MO,63005,4750000,5,6.5,Estates At Pacland Place,13782,130680,2005,,345,,Sold,,,https://www.redfin.com/MO/Chesterfield/58-Pacland-Estates-Dr-63005/home/93317604,MARIS,20030330,N,Y,38.6507443,-90.6202696
PAST SALE,April-2-2021,Single Family Residential,17007 Lakeside Rdg Lot 223,Chesterfield,MO,63005,1079000,5,4.5,Fienup Farms,5600,21780,,,193,,Sold,,,https://www.redfin.com/MO/Chesterfield/17007-Lakeside-Rdg-63005/unit-223/home/174368365,MARIS,21007999,N,Y,38.658871,-90.6031018
PAST SALE,November-28-2018,Single Family Residential,16339 Wynncrest Falls Way,Wildwood,MO,63005,899900,5,3.5,Wynncrest - Five,4120,39640,2005,,218,,Sold,,,https://www.redfin.com/MO/Wildwood/16339-Wynncrest-Falls-Way-63005/home/93324991,MARIS,19000509,N,Y,38.6118488,-90.612386
PAST SALE,June-2-2022,Single Family Residential,225 Dejournet Dr,Chesterfield,MO,63005,695000,5,3.5,Chesterfield Farms,2551,8712,1995,,272,,Sold,,,https://www.redfin.com/MO/Chesterfield/225-Dejournet-Dr-63005/home/93476567,MARIS,22034995,N,Y,38.6604669,-90.5907878
PAST SALE,July-26-2022,Single Family Residential,1067 Greystone Manor Pkwy,Chesterfield,MO,63005,1115000,4,4.0,Greystone,5100,23522,1997,,219,,Sold,,,https://www.redfin.com/MO/Chesterfield/1067-Greystone-Manor-Pkwy-63005/home/62693574,MARIS,22043942,N,Y,38.6483548,-90.6358527
PAST SALE,May-7-2019,Single Family Residential,16726 Benton Taylor,Chesterfield,MO,63005,532500,4,3.5,Estates At Baxter Pointe,4551,11326,1999,,117,,Sold,,,https://www.redfin.com/MO/Chesterfield/16726-Benton-Taylor-Dr-63005/home/93624980,MARIS,19033583,N,Y,38.6567591,-90.5838567
PAST SALE,December-2-2020,Single Family Residential,17549 Wild Horse Creek Rd,Chesterfield,MO,63005,500000,4,2.0,Mary Schaeffer Estate,2382,118048,1978,,210,,Sold,,,https://www.redfin.com/MO/Chesterfield/17549-Wild-Horse-Creek-Rd-63005/home/93477352,MARIS,20087219,N,Y,38.6577779,-90.6316137
PAST SALE,April-30-2021,Single Family Residential,1325 Carriage Crossing Ln,Chesterfield,MO,63005,619900,4,3.5,Country Place At Chesterfield One,2992,28750,1987,,207,38,Sold,,,https://www.redfin.com/MO/Chesterfield/1325-Carriage-Crossing-Ln-63005/home/93476680,MARIS,21011691,N,Y,38.6536421,-90.61209
PAST SALE,February-7-2020,Single Family Residential,16853 Chesterfield Blfs,Chesterfield,MO,63005,438000,2,2.5,Villas At Chesterfield Bluffs One,1674,2614,1996,,262,465,Sold,,,https://www.redfin.com/MO/Chesterfield/16853-Chesterfield-Bluffs-Cir-63005/home/93467434,MARIS,20017928,N,Y,38.6637752,-90.5846435
PAST SALE,October-30-2019,Single Family Residential,16947 Pine Summit Dr,Chesterfield,MO,63005,779161,4,4.5,Fienup Farms,3410,,,,228,125,Sold,,,https://www.redfin.com/MO/Chesterfield/16947-Pine-Summit-Dr-63005/home/169601601,MARIS,19079844,N,Y,38.656572,-90.600033
PAST SALE,June-20-2019,Single Family Residential,1013 Wilmas Hollow Dr,Chesterfield,MO,63005,1019000,4,3.5,Arbors at Wilmas Farm,5200,,,,196,,Sold,,,https://www.redfin.com/MO/Chesterfield/1013-Wilmas-Hollow-Dr-63005/home/168278331,MARIS,19047085,N,Y,38.6577282,-90.629411
PAST SALE,August-6-2019,Single Family Residential,1057 Wilmas Farm Dr Lot 46,Chesterfield,MO,63005,1099000,5,4.5,Arbors at Wilmas Farm,5600,21780,,,196,,Sold,,,https://www.redfin.com/MO/Chesterfield/1057-Wilmas-Farm-Dr-63005/unit-46/home/168693819,MARIS,19045837,N,Y,38.6560309,-90.6284217
PAST SALE,June-30-2020,Single Family Residential,16935 Pine Summit Dr,Chesterfield,MO,63005,768329,3,3.5,Fienup Farms,2572,,,,299,125,Sold,,,https://www.redfin.com/MO/Chesterfield/16935-Pine-Summit-Dr-63005/home/172331410,MARIS,20043756,N,Y,38.6565755,-90.5992152
PAST SALE,May-4-2022,Single Family Residential,427 Maple Rise Path,Chesterfield,MO,63005,670000,4,3.5,Reserve at Chesterfield Village,3840,7449,2012,,174,82,Sold,,,https://www.redfin.com/MO/Chesterfield/427-Maple-Rise-Path-63005/home/93328467,MARIS,22017243,N,Y,38.656002,-90.57882
PAST SALE,July-24-2019,Single Family Residential,1315 Countryside Forrest Ct,Chesterfield,MO,63005,1049000,5,4.5,Countryside At Chesterfield Three,6142,32670,1994,,171,42,Sold,,,https://www.redfin.com/MO/Chesterfield/1315-Countryside-Forrest-Ct-63005/home/93476719,MARIS,19026577,N,Y,38.6537522,-90.622304
PAST SALE,June-1-2021,Single Family Residential,1201 Patchwork Flds Lot 199,Chesterfield,MO,63005,1079000,5,4.5,Fienup Farms,5600,21780,,,193,,Sold,,,https://www.redfin.com/MO/Chesterfield/1201-Patchwork-Flds-63005/unit-199/home/174368364,MARIS,21007995,N,Y,38.6606482,-90.596464
PAST SALE,July-10-2019,Single Family Residential,7 Fairlake Dr,Chesterfield,MO,63005,714000,5,3.5,Forest Hills Country Club Estates,3800,56628,1970,,188,42,Sold,,,https://www.redfin.com/MO/Chesterfield/7-Fairlake-Dr-63005/home/93505738,MARIS,19051236,N,Y,38.6142657,-90.5885633
PAST SALE,,Single Family Residential,2517 Pepperfield Ct,Wildwood,MO,63005,437000,3,3.0,,2014,21780,1984,,217,,,,,https://www.redfin.com/MO/Wildwood/2517-Pepperfield-Ct-63005/home/93507096,,,N,Y,38.6149667,-90.611794
PAST SALE,June-14-2019,Single Family Residential,17600 Burnham Ct,Chesterfield,MO,63005,850000,6,4.5,Wildhorse Village C,5092,24829,1991,,167,,Sold,,,https://www.redfin.com/MO/Chesterfield/17600-Burnham-Ct-63005/home/93485537,MARIS,19046100,N,Y,38.6466781,-90.6277082
PAST SALE,July-16-2019,Single Family Residential,235 Riesling Dr,Chesterfield,MO,63005,470000,4,3.0,Chesterfield Farms One,2745,13504,1994,,171,39,Sold,,,https://www.redfin.com/MO/Chesterfield/235-Riesling-Dr-63005/home/93476405,MARIS,19054717,N,Y,38.6601737,-90.588249
PAST SALE,October-2-2018,Single Family Residential,1022 Wilmas Hollow Dr Lot 17,Chesterfield,MO,63005,919000,6,4.5,Arbors at Wilmas Farm,5550,,,,166,79,Sold,,,https://www.redfin.com/MO/Chesterfield/1022-Wilmas-Hollow-Dr-63005/unit-17/home/147835784,MARIS,18067204,N,Y,38.6564726,-90.6289154
PAST SALE,June-24-2019,Single Family Residential,1013 Savonne Ct,Chesterfield,MO,63005,919000,4,5.0,Miramonte,5580,43996,2005,,165,,Sold,,,https://www.redfin.com/MO/Chesterfield/1013-Savonne-Ct-63005/home/62733969,MARIS,19048475,N,Y,38.6502044,-90.6422215
PAST SALE,March-30-2021,Single Family Residential,1439 Wildhorse Parkway Dr,Wildwood,MO,63005,650000,5,4.5,Wildhorse Village,4652,25744,1989,,140,67,Sold,,,https://www.redfin.com/MO/Wildwood/1439-Wildhorse-Parkway-Dr-63005/home/93485339,MARIS,21008127,N,Y,38.6398352,-90.6356306
PAST SALE,June-22-2021,Single Family Residential,1400 Wildhorse Parkway Dr,Wildwood,MO,63005,630000,5,4.5,Wildhorse Village E One,4587,27791,1994,,137,,Sold,,,https://www.redfin.com/MO/Wildwood/1400-Wildhorse-Parkway-Dr-63005/home/93485259,MARIS,21023491,N,Y,38.6413065,-90.6327106
PAST SALE,March-27-2020,Single Family Residential,2710 Wynncrest Manor Dr,Wildwood,MO,63005,759000,5,4.5,Wynncrest Two,6125,24829,2002,,124,38,Sold,,,https://www.redfin.com/MO/Wildwood/2710-Wynncrest-Manor-Dr-63005/home/93317669,MARIS,20006131,N,Y,38.6100795,-90.6058001
PAST SALE,December-9-2019,Single Family Residential,1431 Westhampton View Ln,Wildwood,MO,63005,649900,4,4.5,Oak Ridge Trails Four,3830,22651,1999,,170,,Sold,,,https://www.redfin.com/MO/Wildwood/1431-Westhampton-View-Ln-63005/home/93507539,MARIS,19088725,N,Y,38.6186974,-90.6497023
PAST SALE,June-30-2021,Single Family Residential,2101 Saddle Creek Ridge Ct,Wildwood,MO,63005,1850000,5,5.5,Wills Trace,8311,66647,2004,,223,,Sold,,,https://www.redfin.com/MO/Wildwood/2101-Saddle-Creek-Ridge-Ct-63005/home/93318426,MARIS,21023609,N,Y,38.6339802,-90.611794
PAST SALE,June-7-2022,Single Family Residential,17839 Westhampton Woods Dr,Wildwood,MO,63005,605000,5,4.5,Westhampton Woods,4832,23522,2000,,125,18,Sold,,,https://www.redfin.com/MO/Wildwood/17839-Westhampton-Woods-Dr-63005/home/93507427,MARIS,22020721,N,Y,38.6209116,-90.6494801
PAST SALE,,Single Family Residential,16913 Lewis Spring Farms Rd,Wildwood,MO,63005,775000,5,4.5,,6560,130680,1995,,118,,,,,https://www.redfin.com/MO/Wildwood/16913-Lewis-Spring-Farms-Rd-63005/home/62699527,,,N,Y,38.6373849,-90.6188251
PAST SALE,March-4-2021,Single Family Residential,17406 Windridge Estates Ct,Chesterfield,MO,63005,789000,4,4.5,Windridge Estates,5102,22651,1999,,155,83,Sold,,,https://www.redfin.com/MO/Chesterfield/17406-Windridge-Estates-Ct-63005/home/93477311,MARIS,21000675,N,Y,38.6584868,-90.6254132
PAST SALE,November-9-2020,Single Family Residential,16799 Wills Trce,Wildwood,MO,63005,1799900,5,4.5,Wills Trace,5674,85378,2005,,317,,Sold,,,https://www.redfin.com/MO/Wildwood/16799-Wills-Trce-63005/home/93318359,MARIS,20081959,N,Y,38.6359882,-90.6166177
PAST SALE,December-27-2019,Single Family Residential,109 Chippenham Ln,Chesterfield,MO,63305,557500,3,3.5,Forest Hills Club Estates Area,2941,39204,1974,,190,,Sold,,,https://www.redfin.com/MO/Chesterfield/109-Chippenham-Ln-63005/home/93506218,MARIS,19090561,N,Y,38.618851,-90.5935745
PAST SALE,April-15-2020,Single Family Residential,1106 Horse Run Ct,Chesterfield,MO,63005,749900,4,3.5,Greystone Four,3872,22651,1997,,194,,Sold,,,https://www.redfin.com/MO/Chesterfield/1106-Horse-Run-Ct-63005/home/62748171,MARIS,20014169,N,Y,38.6485154,-90.6364451
PAST SALE,January-31-2020,Single Family Residential,17015 Lakeside Rdg Unit Enclave II,Chesterfield,MO,63005,949000,0,,Fienup Farms,4000,,,,237,,Sold,,,https://www.redfin.com/MO/Chesterfield/17015-Lakeside-Rdg-63005/unit-Enclave-II/home/174593265,MARIS,20006229,N,Y,38.6591767,-90.6031364
PAST SALE,April-22-2021,Single Family Residential,223 Appaloosa Dr,Chesterfield,MO,63005,999900,4,4.5,Appaloosa Way,6500,21780,2005,,154,,Sold,,,https://www.redfin.com/MO/Chesterfield/223-Appaloosa-Dr-63005/home/62718844,MARIS,21001680,N,Y,38.6569637,-90.587232
PAST SALE,August-27-2020,Single Family Residential,232 Fox Chapel Ln,Chesterfield,MO,63005,819900,4,3.5,Forest Hills Club Estates,5191,69696,1978,,158,42,Sold,,,https://www.redfin.com/MO/Chesterfield/232-Fox-Chapel-Ln-63005/home/62696884,MARIS,20044921,N,Y,38.6082839,-90.5881195
PAST SALE,April-27-2023,Condo/Co-op,734 Stone Meadow Dr,Chesterfield,MO,63005,449900,2,2.5,Stonehill Village B,2513,3049,2000,,179,36,Sold,,,https://www.redfin.com/MO/Chesterfield/734-Stone-Meadow-Dr-63005/home/93626402,MARIS,23003653,N,Y,38.6518111,-90.5795318
PAST SALE,January-6-2021,Single Family Residential,7 Zelkova Ct,Wildwood,MO,63005,699000,5,4.5,Wildhorse Village E Two,5459,31363,1995,,128,67,Sold,,,https://www.redfin.com/MO/Wildwood/7-Zelkova-Ct-63005/home/93485383,MARIS,20081895,N,Y,38.6410917,-90.6255516
PAST SALE,February-25-2021,Single Family Residential,17652 Westhampton Woods,Wildwood,MO,63005,545000,4,4.0,Westhampton Woods 2,3525,20909,1997,,155,18,Sold,,,https://www.redfin.com/MO/Wildwood/17652-Westhampton-Woods-Dr-63005/home/93496101,MARIS,20088668,N,Y,38.6230703,-90.6481653
PAST SALE,October-16-2020,Single Family Residential,2156 Riding Trail Dr,Chesterfield,MO,63005,775000,6,4.5,Sea Beauty Farm,5210,22216,1996,,149,,Sold,,,https://www.redfin.com/MO/Chesterfield/2156-Riding-Trail-Dr-63005/home/93495513,MARIS,20081934,N,Y,38.6316668,-90.5833124
PAST SALE,February-28-2020,Single Family Residential,18052 Babler Woods Rd,Wildwood,MO,63005,450000,2,3.5,Bnd S Adam,2072,181645,1973,,217,,Sold,,,https://www.redfin.com/MO/Wildwood/18052-Babler-Woods-Rd-63005/home/93496407,MARIS,20012911,N,Y,38.632626,-90.675022
PAST SALE,November-13-2020,Single Family Residential,1016 Greystone Manor Pkwy,Chesterfield,MO,63005,895500,5,4.5,Greystone One,6256,23522,1997,,143,50,Sold,,,https://www.redfin.com/MO/Chesterfield/1016-Greystone-Manor-Pkwy-63005/home/93476935,MARIS,20060155,N,Y,38.6512084,-90.6383705
PAST SALE,December-19-2018,Single Family Residential,941 Silver Buck Ln,Chesterfield,MO,63304,787397,4,3.5,Bur Oaks,3437,,,,229,,Sold,,,https://www.redfin.com/MO/Chesterfield/941-Silver-Buck-Ln-63005/home/148530875,MARIS,18095252,N,Y,38.6566665,-90.6402034
PAST SALE,April-19-2022,Single Family Residential,1205 Patchwork Flds Lot 200,Chesterfield,MO,63005,1286000,5,4.5,Fienup Farms,5600,21780,,,230,,Sold,,,https://www.redfin.com/MO/Chesterfield/1205-Patchwork-Flds-63005/unit-200/home/175869583,MARIS,21046338,N,Y,38.6605889,-90.598261
PAST SALE,July-31-2020,Single Family Residential,26 Forest Clb,Chesterfield,MO,63005,755000,4,3.5,Forest Hills Club Estates Area 5a,2835,43124,1975,,266,,Sold,,,https://www.redfin.com/MO/Chesterfield/26-Forest-Club-Dr-63005/home/93506220,MARIS,20063653,N,Y,38.6183261,-90.593285
PAST SALE,March-8-2019,Single Family Residential,826 Babler Park Dr,Wildwood,MO,63005,1399000,3,4.5,Sur 414-45-3 Bdy Adj,3861,614849,1988,,362,,Sold,,,https://www.redfin.com/MO/Wildwood/826-Babler-Park-Dr-63005/home/62693274,MARIS,19015438,N,Y,38.6213391,-90.6754145
PAST SALE,September-10-2020,Single Family Residential,2767 Quail Valley Dr,Wildwood,MO,63005,394900,5,3.0,Chesterfield Valley 1 A Sec Of,3680,15682,1983,,107,21,Sold,,,https://www.redfin.com/MO/Wildwood/2767-Quail-Valley-Dr-63005/home/93522204,MARIS,20056394,N,Y,38.6060874,-90.6009908
PAST SALE,October-20-2020,Single Family Residential,16468 Horseshoe Ridge Rd,Chesterfield,MO,63005,749900,3,3.5,Kehrs Mill Trails 3,4507,91040,1977,,166,92,Sold,,,https://www.redfin.com/MO/Chesterfield/16468-Horseshoe-Ridge-Rd-63005/home/62729638,MARIS,20060199,N,Y,38.6441085,-90.6021006
PAST SALE,August-10-2018,Single Family Residential,1076 Wilmas Farm Dr,Chesterfield,MO,63005,900000,4,4.0,Arbors at Wilmas Farm,3891,,,,231,,Sold,,,https://www.redfin.com/MO/Chesterfield/1076-Wilmas-Farm-Dr-63005/home/146528801,MARIS,18064594,N,Y,38.6554433,-90.6277822
PAST SALE,May-20-2022,Single Family Residential,205 Dejournet,Chesterfield,MO,63005,599900,4,2.5,Chesterfield Farms Two,2540,8712,1993,,236,40,Sold,,,https://www.redfin.com/MO/Chesterfield/205-Dejournet-Dr-63005/home/93476563,MARIS,22024094,N,Y,38.6604824,-90.5920211
PAST SALE,December-11-2019,Single Family Residential,277 Herworth,Chesterfield,MO,63005,779000,4,3.0,Forest Hills Club Estates Area 7-A,2995,44431,1977,,260,42,Sold,,,https://www.redfin.com/MO/Chesterfield/277-Herworth-Dr-63005/home/93505640,MARIS,19083000,N,Y,38.6133245,-90.596404
PAST SALE,June-7-2021,Single Family Residential,230 Pennington Ln,Chesterfield,MO,63005,830000,4,4.0,Forest Hills Club Estates Area 6 Sec,5237,51836,1979,,158,42,Sold,,,https://www.redfin.com/MO/Chesterfield/230-Pennington-Ln-63005/home/93505639,MARIS,21020760,N,Y,38.6107888,-90.5912815
PAST SALE,November-18-2021,Condo/Co-op,609 Stonebrook Ct,Chesterfield,MO,63005,519500,3,2.5,Stonehill Village,2668,6970,2007,,195,475,Sold,,,https://www.redfin.com/MO/Chesterfield/609-Stonebrook-Ct-63005/home/93626322,MARIS,21072492,N,Y,38.653433,-90.5781096
PAST SALE,June-2-2020,Single Family Residential,17011 Lakeside Ridge Dr Lot 222,Chesterfield,MO,63005,1059000,4,3.5,Fienup Farms,5200,21780,,,204,,Sold,,,https://www.redfin.com/MO/Chesterfield/17011-Lakeside-Rdg-63005/unit-222/home/174592400,MARIS,20036251,N,Y,38.658871,-90.6031018
PAST SALE,July-11-2022,Single Family Residential,16 Grand Meridien Frst,Wildwood,MO,63005,2299999,5,6.5,Meridien,10246,61855,2002,,224,,Sold,,,https://www.redfin.com/MO/Wildwood/16-Grand-Meridien-Frst-63005/home/69385469,MARIS,22032559,N,Y,38.6291672,-90.6534062
PAST SALE,January-20-2022,Single Family Residential,35 Crown Manor Dr,Chesterfield,MO,63005,1599000,5,5.5,Forest Hills Club Estates,6423,98446,1976,,249,42,Sold,,,https://www.redfin.com/MO/Chesterfield/35-Crown-Manor-Dr-63005/home/93495742,MARIS,21076540,N,Y,38.621681,-90.5971438
PAST SALE,November-24-2020,Single Family Residential,16260 Forest Mdws,Chesterfield,MO,63005,459900,5,3.5,Forest Meadows Three,3730,33106,1986,,123,,Sold,,,https://www.redfin.com/MO/Chesterfield/16260-Forest-Meadows-Dr-63005/home/93484691,MARIS,20076104,N,Y,38.6400742,-90.5732562
PAST SALE,August-25-2020,Single Family Residential,17704 Sugarberry Ct,Chesterfield,MO,63005,749000,4,4.0,Wildhorse Village A,5036,29185,1991,,149,67,Sold,,,https://www.redfin.com/MO/Chesterfield/17704-Sugarberry-Ct-63005/home/93477048,MARIS,20051017,N,Y,38.6514007,-90.633113
PAST SALE,March-11-2020,Single Family Residential,17706 Gingertree Ct,Wildwood,MO,63005,645000,5,6.0,Wildhorse Village,3672,33977,1990,,176,67,Sold,,,https://www.redfin.com/MO/Wildwood/17706-Gingertree-Ct-63005/home/93485318,MARIS,20007841,N,Y,38.640293,-90.636125
PAST SALE,April-29-2021,Single Family Residential,17732 Greystone Terrace Dr,Wildwood,MO,63005,679000,4,5.0,Wildhorse Village,4826,23958,1991,,141,67,Sold,,,https://www.redfin.com/MO/Wildwood/17732-Greystone-Terrace-Dr-63005/home/93485441,MARIS,21020211,N,Y,38.6427217,-90.6366889
PAST SALE,July-23-2020,Single Family Residential,2126 Kehrs Ridge Dr,Chesterfield,MO,63005,660000,4,4.5,Kehrs Mill Estates 7 Sec 1,5077,43996,1987,,130,,Sold,,,https://www.redfin.com/MO/Chesterfield/2126-Kehrs-Ridge-Dr-63005/home/62731970,MARIS,20043649,N,Y,38.6306111,-90.6017121
PAST SALE,July-10-2020,Single Family Residential,16921 Crystal Springs Dr,Chesterfield,MO,63005,474900,4,3.5,Chesterfield Farms Two,2872,9148,1995,,165,39,Sold,,,https://www.redfin.com/MO/Chesterfield/16921-Crystal-Springs-Dr-63005/home/93476481,MARIS,20033865,N,Y,38.6609297,-90.5935287
PAST SALE,July-28-2020,Single Family Residential,1221 Fienup Lake Dr,Chesterfield,MO,63005,682226,4,3.5,Fienup Farms,3525,,,,194,125,Sold,,,https://www.redfin.com/MO/Chesterfield/1221-Fienup-Lake-Dr-63005/home/172603476,MARIS,20053460,N,Y,38.6594515,-90.5979453
PAST SALE,June-1-2022,Single Family Residential,441 Herworth Dr,Chesterfield,MO,63005,1049000,5,4.0,Forest Hills Club Estates,5823,40075,1978,,180,42,Sold,,,https://www.redfin.com/MO/Chesterfield/441-Herworth-Dr-63005/home/93507640,MARIS,22022178,N,Y,38.6172495,-90.5982534
PAST SALE,August-29-2019,Single Family Residential,1272 Bluffview Ridge Dr,Chesterfield,MO,63005,640000,4,5.0,Bluffs Of Wildhorse The,4510,12197,1996,,142,38,Sold,,,https://www.redfin.com/MO/Chesterfield/1272-Bluffview-Ridge-Dr-63005/home/93476856,MARIS,19052993,N,Y,38.6581513,-90.61135
PAST SALE,June-26-2020,Single Family Residential,12 Greenbank,Chesterfield,MO,63005,548000,3,3.0,Forest Hills Club Estates Area 1,2514,54450,1967,,218,,Sold,,,https://www.redfin.com/MO/Chesterfield/12-Greenbank-Dr-63005/home/79146758,MARIS,20033800,N,Y,38.6170669,-90.5856789
PAST SALE,July-25-2019,Condo/Co-op,391 Shetland Valley Ct,Chesterfield,MO,63005,355000,3,2.0,Baxter Pointe Villas One,1970,6098,2000,,180,330,Sold,,,https://www.redfin.com/MO/Chesterfield/391-Shetland-Valley-Ct-63005/home/93626717,MARIS,19045611,N,Y,38.6559258,-90.5816161
PAST SALE,May-10-2023,Single Family Residential,17625 Bridgeway Dr,Chesterfield,MO,63005,699900,4,4.0,Wildhorse Village B,4112,36155,1989,,170,,Sold,,,https://www.redfin.com/MO/Chesterfield/17625-Bridgeway-Dr-63005/home/93477072,MARIS,23017139,N,Y,38.6484116,-90.6252651
PAST SALE,December-15-2021,Single Family Residential,17621 Orrville Rd,Wildwood,MO,63005,500000,4,4.0,Stonehenge Manor 1,3332,131551,1986,,150,,Sold,,,https://www.redfin.com/MO/Wildwood/17621-Orrville-Rd-63005/home/93496394,MARIS,21079919,N,Y,38.6263691,-90.651832
PAST SALE,July-1-2022,Single Family Residential,380 Oak Stand Path,Chesterfield,MO,63005,770000,4,2.5,Reserve At Chesterfield Village-Plat,3262,10062,2012,,236,83,Sold,,,https://www.redfin.com/MO/Chesterfield/380-Oak-Stand-Path-63005/home/93329937,MARIS,22025129,N,Y,38.6579055,-90.5790234
PAST SALE,August-18-2020,Single Family Residential,301 Cheval Square Dr,Chesterfield,MO,63005,450000,4,3.5,Chesterfield Farms,3428,7841,1994,,131,40,Sold,,,https://www.redfin.com/MO/Chesterfield/301-Cheval-Square-Dr-63005/home/93476524,MARIS,20033361,N,Y,38.6613878,-90.5841405
PAST SALE,November-30-2021,Single Family Residential,1852 Horsham Cir,Chesterfield,MO,63005,640000,4,3.5,Chesterfield Meadow One,3875,30056,1978,,165,25,Sold,,,https://www.redfin.com/MO/Chesterfield/1852-Horsham-Cir-63005/home/93484751,MARIS,21074695,N,Y,38.6394553,-90.5783394
PAST SALE,December-16-2020,Single Family Residential,17409 Country Lake Estates Rdg,Chesterfield,MO,63005,1075000,5,6.5,Country Lake Estates,6020,33977,1997,,179,63,Sold,,,https://www.redfin.com/MO/Chesterfield/17409-Country-Lake-Estates-Rdg-63005/home/67479347,MARIS,20079698,N,Y,38.6514612,-90.6217859
PAST SALE,October-7-2022,Single Family Residential,6 Appaloosa Ct,Chesterfield,MO,63005,1585000,4,4.5,Appaloosa Way,6414,23087,2003,,247,83,Sold,,,https://www.redfin.com/MO/Chesterfield/6-Appaloosa-Ct-63005/home/93631253,MARIS,22053707,N,Y,38.6573952,-90.5881678
PAST SALE,June-6-2022,Single Family Residential,1002 Chesterfield Forest Dr,Wildwood,MO,63005,1350000,6,6.5,Chesterfield Forest,4703,131116,2005,,287,46,Sold,,,https://www.redfin.com/MO/Wildwood/1002-Chesterfield-Forest-Dr-63005/home/62710349,MARIS,22022409,N,Y,38.6286985,-90.6492579
PAST SALE,February-10-2021,Single Family Residential,16663 Chesterfield Farms Dr,Chesterfield,MO,63005,375000,3,2.5,Chesterfield Farms,1582,7405,1994,,237,40,Sold,,,https://www.redfin.com/MO/Chesterfield/16663-Chesterfield-Farms-Dr-63005/home/93467333,MARIS,20088297,N,Y,38.6629733,-90.5854791
PAST SALE,July-15-2019,Single Family Residential,1333 Pacland Pl,Chesterfield,MO,63005,629000,3,3.5,Pacland Place,3467,152460,1976,,181,72,Sold,,,https://www.redfin.com/MO/Chesterfield/1333-Pacland-Pl-63005/home/93484896,MARIS,19042735,N,Y,38.6487754,-90.618455
PAST SALE,July-13-2022,Single Family Residential,1135 Eagle Creek Rd,Wildwood,MO,63005,750000,4,3.5,Valley Farms,4520,169448,1978,,166,25,Sold,,,https://www.redfin.com/MO/Wildwood/1135-Eagle-Creek-Rd-63005/home/62741679,MARIS,22030253,N,Y,38.6204978,-90.6081124
PAST SALE,November-21-2019,Single Family Residential,250 Lansbrooke Dr,Chesterfield,MO,63005,485000,4,3.5,Chesterfield Farms,3612,8712,1995,,134,39,Sold,,,https://www.redfin.com/MO/Chesterfield/250-Lansbrooke-Dr-63005/home/93476546,MARIS,19072492,N,Y,38.6608689,-90.5901132
PAST SALE,July-10-2020,Single Family Residential,1340 Chesterfield Estates Dr,Chesterfield,MO,63005,499900,4,3.5,Chesterfield Estates One,4052,16988,1989,,123,27,Sold,,,https://www.redfin.com/MO/Chesterfield/1340-Chesterfield-Estates-Dr-63005/home/93476770,MARIS,20040296,N,Y,38.6527907,-90.6024705
PAST SALE,October-1-2021,Single Family Residential,1444 Wellington View Ln,Wildwood,MO,63005,575000,4,3.0,Westhampton Woods One,4674,23522,1995,,123,18,Sold,,,https://www.redfin.com/MO/Wildwood/1444-Wellington-View-Ln-63005/home/62757501,MARIS,21057064,N,Y,38.6180344,-90.6510357
PAST SALE,April-6-2023,Single Family Residential,17718 Wilding Place Dr,Wildwood,MO,63005,799000,4,3.5,Wildhorse Village H,4782,23958,1992,,167,83,Sold,,,https://www.redfin.com/MO/Wildwood/17718-Wilding-Place-Dr-63005/home/64816570,MARIS,23003012,N,Y,38.6411983,-90.6411106
PAST SALE,July-22-2022,Single Family Residential,2227 Samuel Stuart Ct,Chesterfield,MO,63005,695000,4,4.0,Pleasant Valley Forest 2,5478,52272,1982,,127,,Sold,,,https://www.redfin.com/MO/Chesterfield/2227-Samuel-Stuart-Ct-63005/home/93495695,MARIS,22039927,N,Y,38.6251882,-90.6004729
PAST SALE,October-20-2020,Single Family Residential,16171 Clayton Hollow Ln,Wildwood,MO,63005,475000,4,3.0,Clayton Hollow,3541,11326,2001,,134,29,Sold,,,https://www.redfin.com/MO/Wildwood/16171-Clayton-Hollow-Ln-63005/home/62753898,MARIS,20063993,N,Y,38.6064364,-90.5968479
PAST SALE,March-16-2023,Single Family Residential,16824 Chesterfield Bluffs Cir,Chesterfield,MO,63005,498900,3,2.5,Villas At Chesterfield Bluffs,3051,2230,1997,,164,540,Sold,,,https://www.redfin.com/MO/Chesterfield/16824-Chesterfield-Bluffs-Cir-63005/home/93467415,MARIS,23007194,N,Y,38.663602,-90.582881
PAST SALE,March-28-2019,Single Family Residential,16802 Meierling Ct,Chesterfield,MO,63005,449000,4,3.0,Chesterfield Farms,3236,8712,1994,,139,39,Sold,,,https://www.redfin.com/MO/Chesterfield/16802-Meierling-Ct-63005/home/93476538,MARIS,19010393,N,Y,38.6618329,-90.5902564
PAST SALE,August-14-2020,Single Family Residential,17103 Somerset Field Ct,Chesterfield,MO,63005,564900,4,3.5,Somerset One,3957,18295,1994,,143,29,Sold,,,https://www.redfin.com/MO/Chesterfield/17103-Somerset-Field-Ct-63005/home/93476877,MARIS,20045125,N,Y,38.6565865,-90.6090374
PAST SALE,October-1-2021,Single Family Residential,1425 Wellington View Ln,Wildwood,MO,63005,590000,4,3.5,Westhampton Woods,4331,19166,1996,,136,18,Sold,,,https://www.redfin.com/MO/Wildwood/1425-Wellington-View-Ln-63005/home/93507420,MARIS,21051820,N,Y,38.6186028,-90.6519987
PAST SALE,May-9-2019,Single Family Residential,16762 Eagle Bluff Ct,Chesterfield,MO,63005,1175000,4,4.5,Fox Hill Farms,4826,23914,2013,,243,,Sold,,,https://www.redfin.com/MO/Chesterfield/16762-Eagle-Bluff-Ct-63005/home/62738744,MARIS,19018776,N,Y,38.6480558,-90.5992152
PAST SALE,August-30-2022,Single Family Residential,1245 Walnut Hill Farm Dr,Chesterfield,MO,63005,849900,4,3.5,Walnut Hill Farm,4400,235660,1975,,193,,Sold,,,https://www.redfin.com/MO/Chesterfield/1245-Walnut-Hill-Farm-Dr-63005/home/68995266,MARIS,22049783,N,Y,38.6507108,-90.5926314
PAST SALE,August-16-2021,Single Family Residential,328 Wild Horse Canyon Dr,Wildwood,MO,63005,749900,5,4.5,Wild Horse Canyon,5073,131551,2005,,148,100,Sold,,,https://www.redfin.com/MO/Wildwood/328-Wild-Horse-Canyon-Dr-63005/home/93485972,MARIS,21042207,N,Y,38.640159,-90.665928
PAST SALE,March-23-2020,Single Family Residential,810 Strecker Rd,Wildwood,MO,63005,225000,2,1.0,Wildwood,1274,38768,1957,,177,,Sold,,,https://www.redfin.com/MO/Wildwood/810-Strecker-Rd-63005/home/93507109,MARIS,20007767,N,Y,38.619997,-90.6176963
PAST SALE,August-31-2022,Single Family Residential,17756 Greystone Terrace Dr,Wildwood,MO,63005,700000,5,4.5,Wildhorse Village G,5229,31799,1993,,134,83,Sold,,,https://www.redfin.com/MO/Wildwood/17756-Greystone-Terrace-Dr-63005/home/93485446,MARIS,22047953,N,Y,38.6441632,-90.6382964
PAST SALE,December-3-2021,Single Family Residential,17618 Ailanthus,Wildwood,MO,63005,650000,4,4.5,Wildhorse Village F,4106,31799,1995,,158,75,Sold,,,https://www.redfin.com/MO/Wildwood/17618-Ailanthus-Dr-63005/home/93485426,MARIS,21079432,N,Y,38.6384089,-90.630429
PAST SALE,September-8-2021,Single Family Residential,16446 Dapple Gray Ct,Chesterfield,MO,63005,669000,4,4.0,Kehrs Mill Trails 3,4494,130680,1977,,149,83,Sold,,,https://www.redfin.com/MO/Chesterfield/16446-Dapple-Gray-Ct-63005/home/93484861,MARIS,21045472,N,Y,38.64502,-90.600103
PAST SALE,November-5-2021,Single Family Residential,374 Oak Village Park Dr,Wildwood,MO,63040,310000,3,2.0,Villages at Cherry Hill/Oak Park Village,2716,,1986,,114,30,Sold,,,https://www.redfin.com/MO/Wildwood/374-Babler-Park-Dr-Unknown/home/182657161,MARIS,21070980,N,Y,38.6258831,-90.673321
PAST SALE,August-17-2022,Single Family Residential,18400 Wild Horse Creek Rd,Wildwood,MO,63005,259900,3,1.0,Us Surv 163,1682,18731,1919,,155,,Sold,,,https://www.redfin.com/MO/Wildwood/18400-Wild-Horse-Creek-Rd-63005/home/62685518,MARIS,22050816,N,Y,38.6429328,-90.6716159
PAST SALE,August-6-2019,Single Family Residential,18105 Big Pine Ct,Wildwood,MO,63005,929000,5,4.5,Pine Creek,5477,25265,2000,,170,42,Sold,,,https://www.redfin.com/MO/Wildwood/18105-Big-Pine-Ct-63005/home/93486009,MARIS,19045903,N,Y,38.6398163,-90.6539989
PAST SALE,September-9-2020,Single Family Residential,16499 Horseshoe Rdg,Chesterfield,MO,63005,895000,4,4.5,Kehrs Mill Trails 2,5500,130680,1990,,163,,Sold,,,https://www.redfin.com/MO/Chesterfield/16499-Horseshoe-Ridge-Rd-63005/home/93484907,MARIS,20043330,N,Y,38.6447701,-90.6048937
PAST SALE,May-31-2022,Single Family Residential,244 Dejournet Dr,Chesterfield,MO,63005,575000,4,3.0,Chesterfield Farms Two,3514,8712,1995,,164,40,Sold,,,https://www.redfin.com/MO/Chesterfield/244-Dejournet-Dr-63005/home/93476572,MARIS,22025050,N,Y,38.6600497,-90.5895952
PAST SALE,June-17-2021,Single Family Residential,246 Cheval Square Dr,Chesterfield,MO,63005,486500,4,2.5,Chesterfield Farms One,3020,7405,1994,,161,41,Sold,,,https://www.redfin.com/MO/Chesterfield/246-Cheval-Square-Dr-63005/home/93476521,MARIS,21003735,N,Y,38.6612994,-90.5851831
PAST SALE,December-30-2021,Single Family Residential,737 Stone Mdw,Chesterfield,MO,63005,419900,3,3.0,Stonehill Village B,2717,3485,2002,,155,375,Sold,,,https://www.redfin.com/MO/Chesterfield/737-Stone-Meadow-Dr-63005/home/93626397,MARIS,21081419,N,Y,38.651884,-90.5800866
PAST SALE,November-4-2022,Single Family Residential,328 Pine Bend Dr,Wildwood,MO,63005,975000,5,4.5,Pine Creek,5610,23958,1999,,174,42,Sold,,,https://www.redfin.com/MO/Wildwood/328-Pine-Bend-Dr-63005/home/93485615,MARIS,22058571,N,Y,38.6443963,-90.6554806
PAST SALE,September-16-2021,Single Family Residential,17789 Westhampton Woods Dr,Wildwood,MO,63005,550000,4,3.5,Westhampton Woods,4410,20038,2001,,125,,Sold,,,https://www.redfin.com/MO/Wildwood/17789-Westhampton-Woods-Dr-63005/home/93496158,MARIS,21039286,N,Y,38.6213561,-90.6469061
PAST SALE,December-15-2022,Single Family Residential,1590 Wildhorse Parkway Dr,Wildwood,MO,63005,739989,5,3.5,Wildhorse Village J Record One,5274,20473,1995,,140,83,Sold,,,https://www.redfin.com/MO/Wildwood/1590-Wildhorse-Parkway-Dr-63005/home/93485218,MARIS,22071079,N,Y,38.6387419,-90.6408143
PAST SALE,July-12-2022,Condo/Co-op,326 Shetland Valley Ct,Chesterfield,MO,63005,460000,4,3.5,Baxter Pointe Villas Three,3426,6534,1999,,134,330,Sold,,,https://www.redfin.com/MO/Chesterfield/326-Shetland-Valley-Ct-63005/home/93626796,MARIS,22008466,N,Y,38.6579774,-90.5805192
PAST SALE,August-21-2020,Single Family Residential,17112 Westridge Meadows Dr,Chesterfield,MO,63005,509900,4,4.5,Somerset,4100,12197,1994,,124,21,Sold,,,https://www.redfin.com/MO/Chesterfield/17112-Westridge-Meadows-Dr-63005/home/93476879,MARIS,20029526,N,Y,38.6570416,-90.6092422
PAST SALE,March-20-2019,Single Family Residential,16325 Valley Oaks Estates Ct,Wildwood,MO,63005,475000,4,2.5,Valley Oaks Estates,3328,17860,1997,,143,42,Sold,,,https://www.redfin.com/MO/Wildwood/16325-Valley-Oaks-Estates-Ct-63005/home/93507068,MARIS,19001291,N,Y,38.6138688,-90.6021746
PAST SALE,September-22-2022,Single Family Residential,817 Tara Estates Ct,Chesterfield,MO,63005,1775000,6,5.5,Tara Estates,7044,32670,2006,,252,42,Sold,,,https://www.redfin.com/MO/Chesterfield/817-Tara-Estates-Ct-63005/home/93324147,MARIS,22047006,N,Y,38.6526229,-90.649332
PAST SALE,March-11-2021,Single Family Residential,31 Crown Manor Dr,Clarkson Valley,MO,63005,500000,4,3.5,Forest Hills Club Estates,2596,50965,1975,,193,42,Sold,,,https://www.redfin.com/MO/Chesterfield/31-Crown-Manor-Dr-63005/home/93495719,MARIS,21008808,N,Y,38.6212956,-90.596974
PAST SALE,June-2-2021,Single Family Residential,3 Chesterfield Lakes Rd,Chesterfield,MO,63005,564900,5,3.5,Chesterfield Lakes,3401,132858,1979,,166,,Sold,,,https://www.redfin.com/MO/Chesterfield/3-Chesterfield-Lakes-Rd-63005/home/93485046,MARIS,20074736,N,Y,38.6442618,-90.5839225
PAST SALE,January-4-2022,Single Family Residential,2201 Dunhill Way Ct,Chesterfield,MO,63005,1500000,5,4.5,Dunhill Farm,6253,43560,1993,,240,125,Sold,,,https://www.redfin.com/MO/Chesterfield/2201-Dunhill-Way-Ct-63005/home/93495462,MARIS,21064243,N,Y,38.6299809,-90.5938934
PAST SALE,July-10-2020,Single Family Residential,17004 Lakeside Ridge Dr Lot 211,Chesterfield,MO,63005,1059000,4,3.5,Fienup Farms,5200,21780,,,204,,Sold,,,https://www.redfin.com/MO/Chesterfield/17004-Lakeside-Rdg-63005/unit-211/home/174593796,MARIS,20048543,N,Y,38.658871,-90.6031018
PAST SALE,April-9-2020,Single Family Residential,17008 Lakeside Rdg Lot 212,Chesterfield,MO,63005,1253050,4,4.5,Fienup Farms,5006,21998,,,250,,Sold,,,https://www.redfin.com/MO/Chesterfield/17008-Lakeside-Rdg-63005/unit-212/home/174593120,MARIS,20020388,N,Y,38.6585229,-90.6028404
PAST SALE,September-1-2021,Single Family Residential,348 Pine Bend Dr,Wildwood,MO,63005,924900,5,4.5,Pine Creek,5566,24829,1998,,166,42,Sold,,,https://www.redfin.com/MO/Wildwood/348-Pine-Bend-Dr-63005/home/62754735,MARIS,21041845,N,Y,38.6426787,-90.654962
PAST SALE,June-19-2020,Single Family Residential,1 Peakmont Ln,Clarkson Valley,MO,63005,665000,4,3.0,Forest Hills Club Estates,3446,45738,1973,,193,46,Sold,,,https://www.redfin.com/MO/Chesterfield/1-Peakmont-Ln-63005/home/93506344,MARIS,20031184,N,Y,38.6199318,-90.5905418
PAST SALE,July-23-2021,Single Family Residential,2175 Quaethem Dr,Wildwood,MO,63005,995000,5,5.5,Quaethem Farm Estates,5242,158123,1987,,190,73,Sold,,,https://www.redfin.com/MO/Wildwood/2175-Quaethem-Dr-63005/home/93495573,MARIS,21042705,N,Y,38.6256911,-90.6141622
PAST SALE,,Single Family Residential,15889 Whitemarsh Cir,Chesterfield,MO,63005,699000,4,4.5,,3060,34848,1980,,228,,,,,https://www.redfin.com/MO/Chesterfield/15889-Whitemarsh-Cir-63005/home/62741346,,,N,Y,38.6394682,-90.5757145
PAST SALE,May-31-2022,Condo/Co-op,16781 Chesterfield Bluffs Cir,Chesterfield,MO,63005,525000,3,3.5,Villas At Chesterfield Bluffs Two,2901,2178,1997,,181,505,Sold,,,https://www.redfin.com/MO/Chesterfield/16781-Chesterfield-Bluffs-Cir-63005/home/93467406,MARIS,21083316,N,Y,38.6639164,-90.5809811
PAST SALE,August-5-2022,Single Family Residential,1487 Carriage Crossing Ln,Chesterfield,MO,63005,685000,5,3.5,Country Place,2914,30056,1988,,235,,Sold,,,https://www.redfin.com/MO/Chesterfield/1487-Carriage-Crossing-Ln-63005/home/93484912,MARIS,22038816,N,Y,38.6451435,-90.6118865
PAST SALE,June-7-2021,Single Family Residential,1200 Lewis Spring Rd,Wildwood,MO,63005,1150000,4,4.5,Lewis Spring Farms,6044,130680,1993,,190,185,Sold,,,https://www.redfin.com/MO/Wildwood/1200-Lewis-Spring-Dr-63005/home/62762907,MARIS,21023168,N,Y,38.6353395,-90.6182329
PAST SALE,June-24-2021,Single Family Residential,16836 Eagle Bluff Ct,Chesterfield,MO,63005,1500000,6,5.5,Eagle Crest Estates,7500,45302,2006,,200,54,Sold,,,https://www.redfin.com/MO/Chesterfield/16836-Eagle-Bluff-Ct-63005/home/93631198,MARIS,21005149,N,Y,38.6507725,-90.5966259
PAST SALE,August-23-2022,Single Family Residential,1411 Westhampton View Ct,Wildwood,MO,63005,620000,4,3.5,Westhampton Woods,4607,21780,1999,,135,18,Sold,,,https://www.redfin.com/MO/Wildwood/1411-Westhampton-View-Ct-63005/home/93507289,MARIS,22043936,N,Y,38.6206221,-90.6462395
PAST SALE,February-28-2020,Single Family Residential,2130 Hickory Dr,Chesterfield,MO,63005,475000,4,2.5,Wilson Farm Estates,3894,24829,1985,,122,29,Sold,,,https://www.redfin.com/MO/Chesterfield/2130-Hickory-Dr-63005/home/93484403,MARIS,20004493,N,Y,38.6367829,-90.5925574
PAST SALE,February-18-2022,Single Family Residential,17606 Lasiandra Dr,Wildwood,MO,63005,850000,5,3.5,Wildhorse Village L Two,5100,27443,1996,,167,67,Sold,,,https://www.redfin.com/MO/Wildwood/17606-Lasiandra-Dr-63005/home/93496345,MARIS,22001076,N,Y,38.6333584,-90.636297
PAST SALE,August-26-2021,Condo/Co-op,16865 Chesterfield Bluffs Cir,Chesterfield,MO,63005,539900,4,3.5,Villas at Chesterfield Bluffs,3559,2614,1997,,152,480,Sold,,,https://www.redfin.com/MO/Chesterfield/16865-Chesterfield-Bluffs-Cir-63005/home/93467431,MARIS,21049841,N,Y,38.6638306,-90.585315
PAST SALE,November-19-2020,Condo/Co-op,759 Stonebluff Ct,Chesterfield,MO,63005,615000,2,3.5,The Knolls,4267,4792,,,144,500,Sold,,,https://www.redfin.com/MO/Chesterfield/759-Stonebluff-Ct-63005/home/77316507,MARIS,20071627,N,Y,38.6501069,-90.5786671
PAST SALE,June-21-2022,Single Family Residential,706 Wycliffe Place Ct,Wildwood,MO,63005,925000,5,4.5,Wycliffe,7543,18731,2005,,123,63,Sold,,,https://www.redfin.com/MO/Wildwood/706-Wycliffe-Place-Ct-63005/home/62691198,MARIS,22019454,N,Y,38.6227954,-90.6195114
PAST SALE,November-29-2021,Single Family Residential,1731 Baxter Forest Valley Ct,Chesterfield,MO,63005,699900,4,4.5,The Forest,3630,14810,1990,,193,54,Sold,,,https://www.redfin.com/MO/Chesterfield/1731-Baxter-Forest-Valley-Ct-63005/home/93485136,MARIS,21071525,N,Y,38.6428578,-90.5778957
PAST SALE,July-29-2021,Single Family Residential,1124 Patchwork Flds,Chesterfield,MO,63005,670557,4,2.5,Fienup Farms,2969,,,,226,125,Sold,,,https://www.redfin.com/MO/Chesterfield/1124-Patchwork-Flds-63005/home/174778716,MARIS,21018562,N,Y,38.6618547,-90.5960156
PAST SALE,August-31-2021,Single Family Residential,1225 Wildhorse Mdws,Chesterfield,MO,63005,679000,4,4.0,Spring Hill Bluffs,3560,16553,1999,,191,,Sold,,,https://www.redfin.com/MO/Chesterfield/1225-Wildhorse-Meadows-Dr-63005/home/62741218,MARIS,21049663,N,Y,38.6572418,-90.6129781
PAST SALE,April-28-2022,Single Family Residential,17058 Rooster Ridge Rd,Chesterfield,MO,63005,1250000,4,4.5,Wild Horse Ridge Lt 3 Resub,5384,232610,1977,,232,42,Sold,,,https://www.redfin.com/MO/Chesterfield/17058-Rooster-Ridge-Rd-63005/home/62706891,MARIS,22016201,N,Y,38.6492334,-90.6068399
PAST SALE,April-21-2021,Single Family Residential,1601 Baxter Forest Ridge Ct,Chesterfield,MO,63005,535000,4,3.5,Forest Two The,2620,16117,1987,,204,42,Sold,,,https://www.redfin.com/MO/Chesterfield/1601-Baxter-Forest-Ridge-Ct-63005/home/93484987,MARIS,21014700,N,Y,38.6435969,-90.5753866
PAST SALE,June-25-2020,Single Family Residential,16632 Kehrsgrove Dr,Chesterfield,MO,63005,910000,4,4.5,Dunhill Farm,6252,43996,1992,,146,125,Sold,,,https://www.redfin.com/MO/Chesterfield/16632-Kehrsgrove-Dr-63005/home/62728018,MARIS,20029924,N,Y,38.6275383,-90.5895248
PAST SALE,June-5-2020,Single Family Residential,16231 Pepper View Ct,Wildwood,MO,63005,474900,4,3.5,Brentmoor Place,2743,16117,1981,,173,33,Sold,,,https://www.redfin.com/MO/Wildwood/16231-Pepper-View-Ct-63005/home/93507137,MARIS,20023890,N,Y,38.615726,-90.606954
PAST SALE,July-14-2021,Single Family Residential,16603 Sterling Pointe Ct,Chesterfield,MO,63005,1250000,5,6.0,Dunhill Farm,7613,43560,1995,,164,125,Sold,,,https://www.redfin.com/MO/Chesterfield/16603-Sterling-Pointe-Ct-63005/home/93494824,MARIS,21040115,N,Y,38.6268853,-90.5890071
PAST SALE,July-7-2022,Single Family Residential,17614 Lasiandra Dr,Wildwood,MO,63005,865000,5,5.0,Wildhorse Village,5108,25265,1997,,169,83,Sold,,,https://www.redfin.com/MO/Wildwood/17614-Lasiandra-Dr-63005/home/67375283,MARIS,22016994,N,Y,38.6329451,-90.6369635
PAST SALE,December-8-2021,Single Family Residential,214 Cheval Square Dr,Chesterfield,MO,63005,499500,4,3.5,Chesterfield Farms,3072,7405,1993,,163,41,Sold,,,https://www.redfin.com/MO/Chesterfield/214-Cheval-Square-Dr-63005/home/93476517,MARIS,21068701,N,Y,38.6620711,-90.5855495
PAST SALE,July-9-2020,Single Family Residential,125 Brighthurst Dr,Chesterfield,MO,63005,415000,3,3.0,Chesterfield Farms Two,3580,7841,1994,,116,40,Sold,,,https://www.redfin.com/MO/Chesterfield/125-Brighthurst-Dr-63005/home/62765509,MARIS,20035126,N,Y,38.6629398,-90.590096
PAST SALE,August-27-2021,Single Family Residential,2428 Powders Mill Dr,Wildwood,MO,63005,589900,3,3.5,Powders Mill,3590,33541,1984,,164,29,Sold,,,https://www.redfin.com/MO/Wildwood/2428-Powders-Mill-Dr-63005/home/62748643,MARIS,21049041,N,Y,38.6178746,-90.6002324
PAST SALE,October-29-2020,Single Family Residential,2016 Mulberry Hill Ln,Wildwood,MO,63005,725000,4,5.0,Deer Ridge,5037,133729,1994,,144,,Sold,,,https://www.redfin.com/MO/Wildwood/2016-Mulberry-Hill-Ln-63005/home/93495687,MARIS,20065553,N,Y,38.6331247,-90.618677
PAST SALE,October-23-2020,Single Family Residential,1102 Wilmas Vly,Chesterfield,MO,63005,898000,4,3.5,Arbors At Wilmas Farm One The,4400,21998,2018,,204,,Sold,,,https://www.redfin.com/MO/Chesterfield/1102-Wilmas-Valley-Ct-63005/home/168278246,MARIS,20064053,N,Y,38.6546218,-90.6282264
PAST SALE,June-12-2019,Condo/Co-op,105 Chesterfield Bluffs Dr,Chesterfield,MO,63005,382500,2,2.5,Villas at Chesterfield Bluffs,2599,3049,1997,,147,450,Sold,,,https://www.redfin.com/MO/Chesterfield/105-Chesterfield-Bluffs-Dr-63005/home/93467441,MARIS,19034191,N,Y,38.6632592,-90.583788
PAST SALE,August-31-2020,Single Family Residential,17146 Surrey View Dr,Chesterfield,MO,63005,675000,4,4.5,Country Place At Chesterfield,4131,27878,1988,,163,38,Sold,,,https://www.redfin.com/MO/Chesterfield/17146-Surrey-View-Dr-63005/home/93484927,MARIS,20047913,N,Y,38.6487154,-90.6103324
PAST SALE,December-15-2020,Single Family Residential,1262 Somerset Fld,Chesterfield,MO,63005,525000,4,3.5,Somerset One,3344,13939,1994,,157,29,Sold,,,https://www.redfin.com/MO/Chesterfield/1262-Somerset-Field-Dr-63005/home/93476908,MARIS,20075144,N,Y,38.6578909,-90.6102214
PAST SALE,July-1-2022,Single Family Residential,16417 Woodlodge Ct,Wildwood,MO,63005,599900,5,3.5,Valley View 2,3449,25265,1984,,174,25,Sold,,,https://www.redfin.com/MO/Wildwood/16417-Woodlodge-Ct-63005/home/92290255,MARIS,22023170,N,Y,38.6095872,-90.6018971
PAST SALE,,Single Family Residential,16215 Birchbrook Ct,Wildwood,MO,63005,410000,4,2.5,,2336,24829,1983,,176,,,,,https://www.redfin.com/MO/Wildwood/16215-Birchbrook-Ct-63005/home/93627674,,,N,Y,38.6052956,-90.5995296
PAST SALE,May-8-2023,Single Family Residential,1847 Chamfers Farm Ct,Chesterfield,MO,63005,899000,5,3.0,Chesterfield Meadow,4300,75359,1978,,209,29,Sold,,,https://www.redfin.com/MO/Chesterfield/1847-Chamfers-Farm-Ct-63005/home/93484729,MARIS,22056791,N,Y,38.6398085,-90.5773227
PAST SALE,April-12-2023,Single Family Residential,16314 Peppermill Dr,Wildwood,MO,63005,510000,4,2.5,Brentmoor Place,2786,15246,1983,,183,33,Sold,,,https://www.redfin.com/MO/Wildwood/16314-Peppermill-Dr-63005/home/62741646,MARIS,23006486,N,Y,38.6126007,-90.6096479
PAST SALE,November-13-2020,Single Family Residential,317 Cheval Square Dr,Chesterfield,MO,63005,445000,4,2.5,Chesterfield Farms One,3238,7405,1993,,137,40,Sold,,,https://www.redfin.com/MO/Chesterfield/317-Cheval-Square-Dr-63005/home/93476528,MARIS,20071291,N,Y,38.6619979,-90.5838115
PAST SALE,September-16-2022,Single Family Residential,326 Woodcliffe Place Dr,Chesterfield,MO,63005,599900,3,4.5,Woodcliffe Place,3888,13068,1993,,154,133,Sold,,,https://www.redfin.com/MO/Chesterfield/326-Woodcliffe-Place-Dr-63005/home/93476378,MARIS,22053157,N,Y,38.6548545,-90.5872135
PAST SALE,November-29-2022,Single Family Residential,18234 Canyon Forest Ct,Chesterfield,MO,63005,1190000,5,4.5,Estates At Wildhorse Canyon,5529,52272,2011,,215,175,Sold,,,https://www.redfin.com/MO/Chesterfield/18234-Canyon-Forest-Ct-63005/home/93327510,MARIS,22063434,N,Y,38.6459189,-90.661556
PAST SALE,June-21-2022,Single Family Residential,2114 Stillwater Point Ct,Chesterfield,MO,63005,800000,5,3.5,Manors At Clarkson Valley The 1,4448,60984,1987,,180,50,Sold,,,https://www.redfin.com/MO/Chesterfield/2114-Stillwater-Point-Ct-63005/home/93495478,MARIS,22032400,N,Y,38.630868,-90.5914664
PAST SALE,February-25-2022,Single Family Residential,17703 Drummer Ln,Wildwood,MO,63005,675000,5,4.5,Wildhorse Village G,4908,29185,1993,,138,67,Sold,,,https://www.redfin.com/MO/Wildwood/17703-Drummer-Ln-63005/home/93485458,MARIS,21085140,N,Y,38.6433253,-90.6321488
PAST SALE,July-7-2020,Single Family Residential,465 Pine Bend Dr,Wildwood,MO,63005,935000,4,4.5,Pine Creek,6393,23522,1996,,146,42,Sold,,,https://www.redfin.com/MO/Wildwood/465-Pine-Bend-Dr-63005/home/93485590,MARIS,20036861,N,Y,38.6417729,-90.6557769
PAST SALE,January-23-2023,Single Family Residential,430 Pine Bend Dr,Wildwood,MO,63005,985000,4,4.0,Pine Creek,5470,22216,1999,,180,,Sold,,,https://www.redfin.com/MO/Wildwood/430-Pine-Bend-Dr-63005/home/62726841,MARIS,22073131,N,Y,38.6387433,-90.6554065
PAST SALE,November-21-2022,Single Family Residential,2660 Wynncrest Ridge Dr,Wildwood,MO,63005,775000,4,3.5,Wynncrest,5234,28314,2006,,148,63,Sold,,,https://www.redfin.com/MO/Wildwood/2660-Wynncrest-Ridge-Dr-63005/home/93325656,MARIS,22066520,N,Y,38.607931,-90.6091299
PAST SALE,December-21-2022,Single Family Residential,18116 Big Pine Ct,Wildwood,MO,63005,1030000,4,4.5,Pine Creek,5614,23087,2000,,183,42,Sold,,,https://www.redfin.com/MO/Wildwood/18116-Big-Pine-Ct-63005/home/93486010,MARIS,22068419,N,Y,38.6396488,-90.6546656
PAST SALE,August-18-2020,Single Family Residential,2115 Kehrs Rdg,Chesterfield,MO,63005,899900,4,4.5,Kehrs Mill Estates 7 Sec 1,5009,50965,1987,,180,63,Sold,,,https://www.redfin.com/MO/Chesterfield/2115-Kehrs-Ridge-Dr-63005/home/93496012,MARIS,20042706,N,Y,38.6299319,-90.6023225
PAST SALE,August-3-2020,Single Family Residential,1855 Chamfers Farm Ct,Chesterfield,MO,63005,565000,4,3.5,Chesterfield Meadow One,3252,38768,1979,,174,29,Sold,,,https://www.redfin.com/MO/Chesterfield/1855-Chamfers-Farm-Ct-63005/home/62747276,MARIS,20044022,N,Y,38.6395001,-90.577563
PAST SALE,,Single Family Residential,16305 Wilson Creek Ct,Chesterfield,MO,63005,1100000,4,5.0,,4827,62726,1986,,228,,,,,https://www.redfin.com/MO/Chesterfield/16305-Wilson-Creek-Ct-63005/home/93495501,,,N,Y,38.6319813,-90.5859747
PAST SALE,September-14-2021,Single Family Residential,1635 Highland Valley Cir,Wildwood,MO,63005,644000,4,3.5,Highlands Of Chesterfield,3664,23522,1994,,176,76,Sold,,,https://www.redfin.com/MO/Wildwood/1635-Highland-Valley-Cir-63005/home/93496277,MARIS,21052814,N,Y,38.6343335,-90.6263941
PAST SALE,December-1-2021,Single Family Residential,14 Crown Mnr,Chesterfield,MO,63005,675000,4,4.5,Forest Hills Club Estates Area 5-B,3827,36155,1975,,176,,Sold,,,https://www.redfin.com/MO/Chesterfield/14-Crown-Manor-Dr-63005/home/93506338,MARIS,21065449,N,Y,38.6196715,-90.5947597
PAST SALE,November-30-2022,Single Family Residential,1014 Savonne Ct,Chesterfield,MO,63005,1595000,5,5.5,Miramonte,6988,44431,2004,,228,,Sold,,,https://www.redfin.com/MO/Chesterfield/1014-Savonne-Ct-63005/home/93626997,MARIS,22057444,N,Y,38.6502084,-90.6414809
PAST SALE,March-8-2023,Single Family Residential,16591 Baxter Forest Ridge Dr,Chesterfield,MO,63005,524900,4,3.5,Forest Two The,4712,14375,1988,,111,56,Sold,,,https://www.redfin.com/MO/Chesterfield/16591-Baxter-Forest-Ridge-Dr-63005/home/93485002,MARIS,22077415,N,Y,38.644809,-90.5768051
PAST SALE,March-10-2021,Single Family Residential,925 Silver Buck Ln,Chesterfield,MO,63005,950000,5,4.5,Bur Oaks,5605,18165,2018,,169,108,Sold,,,https://www.redfin.com/MO/Chesterfield/925-Silver-Buck-Ln-63005/home/148536741,MARIS,21001943,N,Y,38.656776,-90.6388889
PAST SALE,September-17-2020,Single Family Residential,2160 Wildwood Mdws,Wildwood,MO,63005,625000,5,4.5,Wildwood Meadows Estates,3700,14505,1998,,169,63,Sold,,,https://www.redfin.com/MO/Wildwood/2160-Wildwood-Meadows-Ct-63005/home/93627111,MARIS,20049134,N,Y,38.6226306,-90.6156239
PAST SALE,April-30-2020,Single Family Residential,17674 Bridgeway Dr,Chesterfield,MO,63005,649900,4,4.5,Wildhorse Village,4637,27007,1990,,140,67,Sold,,,https://www.redfin.com/MO/Chesterfield/17674-Bridgeway-Dr-63005/home/93477016,MARIS,20016488,N,Y,38.6506736,-90.6273935
PAST SALE,March-26-2020,Single Family Residential,169 Brighthurst,Chesterfield,MO,63005,447500,4,3.5,Chesterfield Farms Two,3244,8276,1994,,138,40,Sold,,,https://www.redfin.com/MO/Chesterfield/169-Brighthurst-Dr-63005/home/93466865,MARIS,20006527,N,Y,38.6628972,-90.592317
PAST SALE,March-10-2021,Single Family Residential,2102 Kehrspoint Dr,Chesterfield,MO,63005,1050000,6,4.5,Kehrswood,6142,46174,1997,,171,25,Sold,,,https://www.redfin.com/MO/Chesterfield/2102-Kehrspoint-Dr-63005/home/93496148,MARIS,21000567,N,Y,38.6316785,-90.5972917
PAST SALE,January-7-2022,Single Family Residential,2620 Chatham Pl,Wildwood,MO,63005,635000,4,4.5,Chatham Place,3461,24394,1991,,183,27,Sold,,,https://www.redfin.com/MO/Wildwood/2620-Chatham-Place-Ct-63005/home/93507043,MARIS,21083978,N,Y,38.6104292,-90.5986195
PAST SALE,March-10-2021,Single Family Residential,1 Wilson Ridge Ct,Chesterfield,MO,63005,725000,4,3.5,Wilson Farm Estates,4053,25265,1988,,179,29,Sold,,,https://www.redfin.com/MO/Chesterfield/1-Wilson-Ridge-Ct-63005/home/93495440,MARIS,21005137,N,Y,38.6340971,-90.5889331
PAST SALE,June-5-2020,Single Family Residential,1245 Hillcrest Field Dr,Chesterfield,MO,63005,564000,4,4.5,Somerset One,4182,15246,1994,,135,29,Sold,,,https://www.redfin.com/MO/Chesterfield/1245-Hillcrest-Field-Dr-63005/home/93476887,MARIS,20025778,N,Y,38.6582444,-90.6092039
PAST SALE,May-28-2021,Single Family Residential,703 Wycliffe Place Ct,Wildwood,MO,63005,764900,5,4.5,WYCLIFFE,4615,23087,2005,,166,63,Sold,,,https://www.redfin.com/MO/Wildwood/703-Wycliffe-Place-Ct-63005/home/62701452,MARIS,21012773,N,Y,38.623226,-90.619972
PAST SALE,July-27-2021,Single Family Residential,1639 Wildhorse Parkway Dr,Wildwood,MO,63005,695000,4,4.5,Wildhorse Village,5042,23305,1994,,138,67,Sold,,,https://www.redfin.com/MO/Wildwood/1639-Wildhorse-Parkway-Dr-63005/home/93484937,MARIS,21040175,N,Y,38.6389646,-90.6450359
PAST SALE,November-18-2019,Single Family Residential,2721 Hillcroft Dr,Wildwood,MO,63005,369500,4,3.5,Chesterfield Valley,3200,10890,1985,,115,21,Sold,,,https://www.redfin.com/MO/Wildwood/2721-Hillcroft-Dr-63005/home/93506916,MARIS,19071089,N,Y,38.6078229,-90.5982534
PAST SALE,March-10-2020,Single Family Residential,16706 Benton Taylor Dr,Chesterfield,MO,63005,559900,4,2.5,Estates At Baxter Pointe The,4182,10890,2000,,134,42,Sold,,,https://www.redfin.com/MO/Chesterfield/16706-Benton-Taylor-Dr-63005/home/93626740,MARIS,20007953,N,Y,38.6556704,-90.5837561
PAST SALE,May-6-2022,Single Family Residential,2125 Bow Tree,Chesterfield,MO,63005,409900,4,2.5,Bent Tree 1,2836,14723,1979,,145,23,Sold,,,https://www.redfin.com/MO/Chesterfield/2125-Bow-Tree-Ct-63005/home/93495889,MARIS,22014651,N,Y,38.6299689,-90.5786537
PAST SALE,August-2-2021,Single Family Residential,16943 Pine Summit Dr,Chesterfield,MO,63005,839900,4,3.5,Fienup Farms Two,3568,12023,2020,,235,125,Sold,,,https://www.redfin.com/MO/Chesterfield/16943-Pine-Summit-Dr-63005/home/170452968,MARIS,21040922,N,Y,38.6565725,-90.599807
PAST SALE,May-31-2022,Single Family Residential,1824 Kehrswood Dr,Chesterfield,MO,63005,650000,5,4.0,Kehrswood 1,4610,43996,1988,,141,25,Sold,,,https://www.redfin.com/MO/Chesterfield/1824-Kehrswood-Dr-63005/home/83504367,MARIS,22023555,N,Y,38.6325141,-90.5948355
PAST SALE,December-5-2022,Single Family Residential,16830 Kehrsbrooke Ct,Chesterfield,MO,63005,749900,4,3.0,Kehrs Mill Estates,5584,44867,1986,,134,63,Sold,,,https://www.redfin.com/MO/Chesterfield/16830-Kehrsbrooke-Ct-63005/home/93495598,MARIS,22064047,N,Y,38.6273747,-90.6055781
PAST SALE,September-16-2021,Single Family Residential,17843 Westhampton Woods Dr,Wildwood,MO,63005,549000,4,4.5,Westhampton Woods 2,3456,20473,2000,,159,,Sold,,,https://www.redfin.com/MO/Wildwood/17843-Westhampton-Woods-Dr-63005/home/93507426,MARIS,21057431,N,Y,38.6207668,-90.6497208
PAST SALE,May-24-2023,Condo/Co-op,831 Stone Meadow Dr,Chesterfield,MO,63005,519000,2,2.5,Stonehill Village B,2712,3920,2000,,191,425,Sold,,,https://www.redfin.com/MO/Chesterfield/831-Stone-Meadow-Dr-63005/home/93626338,MARIS,23022400,N,Y,38.6524853,-90.5786604
PAST SALE,March-30-2022,Single Family Residential,2 Wheaton Point Ct,Chesterfield,MO,63005,615000,4,3.5,Wilson Farm Estates,2968,27007,1986,,207,29,Sold,,,https://www.redfin.com/MO/Chesterfield/2-Wheaton-Point-Ct-63005/home/93484527,MARIS,22008095,N,Y,38.6360176,-90.5940183
PAST SALE,November-19-2020,Condo/Co-op,700 Stonebluff Ct,Chesterfield,MO,63005,649900,3,3.5,Stonehill Village A,2713,5663,2000,,240,500,Sold,,,https://www.redfin.com/MO/Chesterfield/700-Stonebluff-Ct-63005/home/93624668,MARIS,20075946,N,Y,38.651979,-90.577774
PAST SALE,October-8-2020,Single Family Residential,36 Chesterfield Lakes Rd,Chesterfield,MO,63005,799000,4,3.5,Chesterfield Lakes,5580,131551,1977,,143,79,Sold,,,https://www.redfin.com/MO/Chesterfield/36-Chesterfield-Lakes-Rd-63005/home/93485044,MARIS,20067132,N,Y,38.6423068,-90.5857528
PAST SALE,October-22-2020,Single Family Residential,16343 Champion Dr,Chesterfield,MO,63005,825000,4,4.5,Sea Beauty Farm,5373,20909,1996,,154,67,Sold,,,https://www.redfin.com/MO/Chesterfield/16343-Champion-Dr-63005/home/93495499,MARIS,20059388,N,Y,38.6324789,-90.5847914
PAST SALE,November-14-2019,Single Family Residential,425 Equestrian Pointe Ct,Chesterfield,MO,63005,610000,6,3.5,Estates At Baxter Pointe The,5400,22216,1999,,113,42,Sold,,,https://www.redfin.com/MO/Chesterfield/425-Equestrian-Pointe-Ct-63005/home/93626751,MARIS,19073703,N,Y,38.6580481,-90.5833124
PAST SALE,April-29-2022,Single Family Residential,17813 Wilderness Cliff Ct,Wildwood,MO,63005,699000,4,4.5,Wilderness Trails,3435,18731,1996,,203,,Sold,,,https://www.redfin.com/MO/Wildwood/17813-Wilderness-Cliff-Ct-63005/home/93485700,MARIS,22010666,N,Y,38.6418902,-90.649406
PAST SALE,October-11-2022,Single Family Residential,1305 Westhampton Woods Ct,Wildwood,MO,63005,600000,5,4.5,Westhampton Woods One,3578,29185,1994,,168,18,Sold,,,https://www.redfin.com/MO/Wildwood/1305-Westhampton-Woods-Ct-63005/home/62761894,MARIS,22059230,N,Y,38.623669,-90.6547397
PAST SALE,January-15-2021,Single Family Residential,9 Morganfield Ct,Chesterfield,MO,63005,630000,6,4.5,Wilson Farm Estates 3,4321,27878,1984,,146,,Sold,,,https://www.redfin.com/MO/Chesterfield/9-Morganfield-Ct-63005/home/93484532,MARIS,20084277,N,Y,38.6353814,-90.590172
PAST SALE,August-19-2021,Single Family Residential,227 Pennington Ln,Chesterfield,MO,63005,725000,5,3.5,Forest Hills Club Estates,4660,40075,1978,,156,42,Sold,,,https://www.redfin.com/MO/Chesterfield/227-Pennington-Ln-63005/home/93505780,MARIS,21047793,N,Y,38.6116918,-90.5910226
PAST SALE,April-13-2023,Single Family Residential,17937 Homestead Bluffs Dr,Wildwood,MO,63005,849900,5,4.5,Homestead Estates At Wildwood,3563,52011,2018,,239,92,Sold,,,https://www.redfin.com/MO/Wildwood/17937-Homestead-Bluffs-Dr-63005/home/62779010,MARIS,23008654,N,Y,38.601591,-90.671413
PAST SALE,April-9-2021,Single Family Residential,12 Peppermill Ct,Wildwood,MO,63005,440000,4,2.5,Brentmoor Place,2720,20473,1979,,162,33,Sold,,,https://www.redfin.com/MO/Wildwood/12-Peppermill-Ct-63005/home/84680118,MARIS,21010356,N,Y,38.6125152,-90.6063735
PAST SALE,December-5-2019,Single Family Residential,16827 Crystal Springs Dr,Chesterfield,MO,63005,445000,4,3.5,Chesterfield Farms,3242,7405,1994,,137,40,Sold,,,https://www.redfin.com/MO/Chesterfield/16827-Crystal-Springs-Dr-63005/home/92223115,MARIS,19078711,N,Y,38.6625746,-90.5907953
PAST SALE,July-22-2022,Condo/Co-op,16810 Chesterfield Bluffs Cir,Chesterfield,MO,63005,595000,4,3.5,Villas At Chesterfield Bluffs Two,3187,3049,1997,,187,505,Sold,,,https://www.redfin.com/MO/Chesterfield/16810-Chesterfield-Bluffs-Cir-63005/home/93467412,MARIS,22021105,N,Y,38.6637265,-90.5820737
PAST SALE,April-29-2021,Single Family Residential,16230 Pepper View Ct,Wildwood,MO,63005,400000,4,3.0,Brentmoor Place 1,3020,16117,1980,,132,,Sold,,,https://www.redfin.com/MO/Wildwood/16230-Pepper-View-Ct-63005/home/93507117,MARIS,21016851,N,Y,38.615183,-90.606839
PAST SALE,June-6-2022,Single Family Residential,16407 Wilson Creek Ct,Clarkson Valley,MO,63005,1195000,5,6.0,The Manors At Clarkson Valley,5144,44431,1986,,232,,Sold,,,https://www.redfin.com/MO/Chesterfield/16407-Wilson-Creek-Ct-63005/home/93495433,MARIS,22021252,N,Y,38.6320633,-90.590061
PAST SALE,July-14-2020,Single Family Residential,17704 Greystone Terrace Dr,Wildwood,MO,63005,739000,4,3.5,Wildhorse Village G,4529,23522,1994,,163,67,Sold,,,https://www.redfin.com/MO/Wildwood/17704-Greystone-Terrace-Dr-63005/home/93485343,MARIS,20035202,N,Y,38.6412557,-90.6343163
PAST SALE,July-1-2022,Single Family Residential,1315 Eaglewinds Ct,Chesterfield,MO,63005,1399000,5,4.5,Eagle Crest Estates,6871,22216,2000,,204,,Sold,,,https://www.redfin.com/MO/Chesterfield/1315-Eaglewinds-Ct-63005/home/62744230,MARIS,22029958,N,Y,38.652967,-90.600029
PAST SALE,July-9-2021,Condo/Co-op,708 Stonebluff Ct,Chesterfield,MO,63005,715000,3,2.5,Knolls at Stonehill,4134,5663,2000,,173,500,Sold,,,https://www.redfin.com/MO/Chesterfield/708-Stonebluff-Ct-63005/home/93626496,MARIS,21031515,N,Y,38.651808,-90.577338
PAST SALE,December-21-2020,Single Family Residential,1246 Bluffview Ridge Dr,Chesterfield,MO,63005,550000,4,3.5,The Bluffs Of Wildhorse,3781,13939,1994,,145,,Sold,,,https://www.redfin.com/MO/Chesterfield/1246-Bluffview-Ridge-Dr-63005/home/62730629,MARIS,20080636,N,Y,38.6598109,-90.6118943
PAST SALE,May-20-2022,Single Family Residential,1442 Highland Valley Dr,Wildwood,MO,63005,825000,5,6.0,Highlands of Chesterfield Wildhorse,5326,23087,1994,,155,76,Sold,,,https://www.redfin.com/MO/Wildwood/1442-Highland-Valley-Dr-63005/home/93485414,MARIS,22016123,N,Y,38.6354054,-90.6251356
PAST SALE,October-29-2020,Single Family Residential,482 Pine Bend Dr,Wildwood,MO,63005,979900,4,4.5,Pine Creek,5913,56628,1996,,166,42,Sold,,,https://www.redfin.com/MO/Wildwood/482-Pine-Bend-Dr-63005/home/93485592,MARIS,20067077,N,Y,38.643488,-90.65674
PAST SALE,February-11-2021,Single Family Residential,2618 Wynncrest Falls Dr,Wildwood,MO,63005,735000,5,4.5,Wynncrest - Five,4535,17860,2010,,162,63,Sold,,,https://www.redfin.com/MO/Wildwood/2618-Wynncrest-Falls-Dr-63005/home/93325654,MARIS,20080690,N,Y,38.6107169,-90.6093519
PAST SALE,July-23-2020,Single Family Residential,1675 Horseshoe Rdg,Chesterfield,MO,63005,599000,6,4.5,Kehrs Mill Trails 1,4250,131116,1977,,141,,Sold,,,https://www.redfin.com/MO/Chesterfield/1675-Horseshoe-Ridge-Rd-63005/home/93484790,MARIS,20038258,N,Y,38.6387919,-90.6003249
PAST SALE,July-26-2022,Single Family Residential,240 Woodcliffe Place Dr,Chesterfield,MO,63005,649900,4,4.5,Wildhorse Spgs Amd,3389,12197,1994,,192,33,Sold,,,https://www.redfin.com/MO/Chesterfield/240-Woodcliffe-Place-Dr-63005/home/93476432,MARIS,22041442,N,Y,38.6590768,-90.591522
PAST SALE,November-24-2021,Single Family Residential,16377 Peppermill Dr,Wildwood,MO,63005,450000,4,3.0,Brentmoor Place 3,2024,21780,1984,,222,,Sold,,,https://www.redfin.com/MO/Wildwood/16377-Peppermill-Dr-63005/home/93507126,MARIS,21075483,N,Y,38.6152899,-90.6126821
PAST SALE,July-11-2022,Single Family Residential,17674 Lasiandra Dr,Wildwood,MO,63005,800000,5,5.0,Wildhorse Village,4972,51836,1994,,161,83,Sold,,,https://www.redfin.com/MO/Wildwood/17674-Lasiandra-Dr-63005/home/93484878,MARIS,22004627,N,Y,38.6371064,-90.6402219
PAST SALE,July-9-2020,Single Family Residential,356 Pine Bend Dr,Wildwood,MO,63005,925000,5,4.5,Pine Creek,5027,24829,1999,,184,42,Sold,,,https://www.redfin.com/MO/Wildwood/356-Pine-Bend-Dr-63005/home/93485598,MARIS,20033869,N,Y,38.642198,-90.6543538
PAST SALE,September-30-2022,Single Family Residential,17720 Birch Leaf Ct,Wildwood,MO,63005,649900,4,4.0,Wildhorse Village J Record Two,4143,23087,1991,,157,83,Sold,,,https://www.redfin.com/MO/Wildwood/17720-Birch-Leaf-Ct-63005/home/93485232,MARIS,22041237,N,Y,38.6403673,-90.6432583
PAST SALE,September-8-2022,Single Family Residential,1247 Somerset Field Dr,Chesterfield,MO,63005,690000,3,2.5,Somerset Two,2480,13939,1994,,278,29,Sold,,,https://www.redfin.com/MO/Chesterfield/1247-Somerset-Field-Dr-63005/home/93476837,MARIS,22047182,N,Y,38.6587278,-90.610758
PAST SALE,June-7-2022,Single Family Residential,17681 Bridgeway Dr,Chesterfield,MO,63005,675000,4,3.5,Wildhorse Village A,3682,67518,1994,,183,67,Sold,,,https://www.redfin.com/MO/Chesterfield/17681-Bridgeway-Dr-63005/home/93477030,MARIS,22019444,N,Y,38.6510189,-90.6279303
PAST SALE,April-26-2021,Single Family Residential,16574 Baxter Forest Rdg,Chesterfield,MO,63005,629900,4,3.5,Forest Two The,4005,19602,1988,,157,56,Sold,,,https://www.redfin.com/MO/Chesterfield/16574-Baxter-Forest-Ridge-Dr-63005/home/93484998,MARIS,21013843,N,Y,38.6441514,-90.5772488
PAST SALE,April-30-2019,Single Family Residential,2608 Wynncrest Rdg,Wildwood,MO,63005,625000,3,4.0,Wynncrest Three,2576,25700,2002,,243,54,Sold,,,https://www.redfin.com/MO/Wildwood/2608-Wynncrest-Ridge-Dr-63005/home/93318507,MARIS,19001741,N,Y,38.6108131,-90.606614
PAST SALE,February-10-2023,Single Family Residential,1419 Highland Valley Cir,Wildwood,MO,63005,599900,4,3.0,Highlands Of Wildhorse,4400,30928,1993,,136,76,Sold,,,https://www.redfin.com/MO/Wildwood/1419-Highland-Valley-Cir-63005/home/93485277,MARIS,23000015,N,Y,38.6351956,-90.62744
PAST SALE,October-29-2020,Single Family Residential,6 Kehrs Mill Glen Ct,Chesterfield,MO,63005,1099000,5,5.0,Kehrs Mill Glen Lt 4 & Kehrs Mill Glen,5700,47785,2005,,193,83,Sold,,,https://www.redfin.com/MO/Chesterfield/6-Kehrs-Mill-Glen-Ct-63005/home/62783251,MARIS,20066421,N,Y,38.6388266,-90.6094999
PAST SALE,May-21-2019,Single Family Residential,16132 Walden Pond Ln,Chesterfield,MO,63005,360000,3,2.5,Walden Pond,2303,16553,1986,,156,42,Sold,,,https://www.redfin.com/MO/Chesterfield/16132-Walden-Pond-Ln-63005/home/93495926,MARIS,19018447,N,Y,38.6337519,-90.5759178
PAST SALE,March-13-2023,Single Family Residential,208 Lehigh Meadows Dr,Chesterfield,MO,63005,600000,4,3.5,Chesterfield Farms One,3256,9148,1994,,184,40,Sold,,,https://www.redfin.com/MO/Chesterfield/208-Lehigh-Meadows-Dr-63005/home/93467320,MARIS,22069000,N,Y,38.6625585,-90.586363
PAST SALE,April-26-2021,Single Family Residential,17617 Ailanthus Dr,Wildwood,MO,63005,899900,6,6.5,Estates of Wildhorse,6000,43560,1994,,150,67,Sold,,,https://www.redfin.com/MO/Wildwood/17617-Ailanthus-Dr-63005/home/93485270,MARIS,21012423,N,Y,38.6382284,-90.6297071
PAST SALE,September-29-2022,Single Family Residential,322 Woodcliffe Place Dr,Chesterfield,MO,63005,558000,4,3.5,Woodcliffe Place,3328,15682,1993,,168,133,Sold,,,https://www.redfin.com/MO/Chesterfield/322-Woodcliffe-Place-Dr-63005/home/93476379,MARIS,22052999,N,Y,38.6549131,-90.5874524
PAST SALE,March-24-2023,Single Family Residential,322 Willow Weald Path,Chesterfield,MO,63005,849900,4,3.5,Reserve At Chesterfield Village,3533,10672,2014,,241,87,Sold,,,https://www.redfin.com/MO/Chesterfield/322-Willow-Weald-Path-63005/home/103205597,MARIS,23005592,N,Y,38.6588161,-90.5774053
PAST SALE,December-2-2022,Single Family Residential,1103 Keystone Trail Dr,Wildwood,MO,63005,575000,4,2.5,Wildhorse Village K,3708,22216,1995,,155,83,Sold,,,https://www.redfin.com/MO/Wildwood/1103-Keystone-Trail-Dr-63005/home/62721816,MARIS,22062283,N,Y,38.6426627,-90.646758
PAST SALE,November-21-2022,Single Family Residential,2167 Riding Trail Dr,Chesterfield,MO,63005,950000,4,4.5,Sea Beauty Farm,5968,20473,1997,,159,,Sold,,,https://www.redfin.com/MO/Chesterfield/2167-Riding-Trail-Dr-63005/home/93495786,MARIS,22066982,N,Y,38.6323049,-90.5827023
PAST SALE,August-26-2020,Single Family Residential,2740 Hillcroft Dr,Wildwood,MO,63005,379000,3,3.5,Chesterfield Valley,4018,13504,1984,,94,21,Sold,,,https://www.redfin.com/MO/Wildwood/2740-Hillcroft-Dr-63005/home/93522162,MARIS,20044948,N,Y,38.606838,-90.5984754
PAST SALE,January-29-2021,Single Family Residential,17714 Drummer Ln,Wildwood,MO,63005,615000,4,4.5,Wildhorse Village,5045,23522,1989,,122,67,Sold,,,https://www.redfin.com/MO/Wildwood/17714-Drummer-Ln-63005/home/93485468,MARIS,20079696,N,Y,38.6435944,-90.6336498
PAST SALE,December-1-2022,Single Family Residential,16408 Sundance Creek Ct,Wildwood,MO,63005,650000,7,3.5,Valley View 1,4711,26572,1979,,138,25,Sold,,,https://www.redfin.com/MO/Wildwood/16408-Sundance-Creek-Ct-63005/home/93506976,MARIS,22063217,N,Y,38.6105964,-90.6009168
PAST SALE,February-18-2021,Single Family Residential,274 Wildhorse Springs Ct,Chesterfield,MO,63005,439000,3,3.0,Wildhorse Spgs Two,2578,16117,1996,,170,15,Sold,,,https://www.redfin.com/MO/Chesterfield/274-Wildhorse-Springs-Ct-63005/home/93476438,MARIS,21001676,N,Y,38.6555534,-90.5907822
PAST SALE,November-2-2020,Single Family Residential,1433 Chesterfield Estates Dr,Chesterfield,MO,63005,489000,4,2.5,Chesterfield Estates Three,2912,16553,1992,,168,24,Sold,,,https://www.redfin.com/MO/Chesterfield/1433-Chesterfield-Estates-Dr-63005/home/93476821,MARIS,20069520,N,Y,38.6506415,-90.60223
PAST SALE,August-25-2022,Single Family Residential,16269 Lone Cabin Dr,Wildwood,MO,63005,545000,4,3.5,Pleasant Valley Meadows 2,3849,22216,1986,,142,42,Sold,,,https://www.redfin.com/MO/Wildwood/16269-Lone-Cabin-Dr-63005/home/93495709,MARIS,22045427,N,Y,38.6250493,-90.6075575
PAST SALE,September-29-2022,Single Family Residential,17860 Westhampton Woods Dr,Wildwood,MO,63005,695000,5,5.0,Westhampton Woods One,4447,21780,1996,,156,33,Sold,,,https://www.redfin.com/MO/Wildwood/17860-Westhampton-Woods-Dr-63005/home/93507439,MARIS,22050232,N,Y,38.6195896,-90.6514061
PAST SALE,July-23-2021,Single Family Residential,16233 Birchbrook Ct,Wildwood,MO,63005,425000,4,3.0,Chesterfield Valley,3048,11326,1983,,139,,Sold,,,https://www.redfin.com/MO/Wildwood/16233-Birchbrook-Ct-63005/home/93522154,MARIS,21037786,N,Y,38.6060753,-90.5993447
PAST SALE,November-1-2021,Single Family Residential,16420 Farmers Mill Ln,Chesterfield,MO,63005,585000,4,3.0,Wilson Farm Estates 2,3888,22651,1984,,150,29,Sold,,,https://www.redfin.com/MO/Chesterfield/16420-Farmers-Mill-Ln-63005/home/93495423,MARIS,21063158,N,Y,38.6328564,-90.591226
PAST SALE,September-1-2022,Single Family Residential,16688 Annas Way,Wildwood,MO,63005,1195000,5,4.5,Summit At Wildhorse The,5730,105415,1994,,209,117,Sold,,,https://www.redfin.com/MO/Wildwood/16688-Annas-Way-63005/home/93484943,MARIS,22039029,N,Y,38.6373324,-90.6438509
PAST SALE,June-26-2019,Single Family Residential,1329 Bentley Place Dr,Chesterfield,MO,63005,760000,5,4.5,Bentley Place,3967,29621,1996,,192,54,Sold,,,https://www.redfin.com/MO/Chesterfield/1329-Bentley-Place-Dr-63005/home/93476794,MARIS,19032775,N,Y,38.6535051,-90.60691
PAST SALE,March-20-2020,Single Family Residential,2226 Kehrs Ridge Dr,Chesterfield,MO,63005,625000,5,3.5,Kehrs Mill Estates,4458,43560,1981,,140,63,Sold,,,https://www.redfin.com/MO/Chesterfield/2226-Kehrs-Ridge-Dr-63005/home/93495684,MARIS,20006463,N,Y,38.6253668,-90.5975876
PAST SALE,June-14-2022,Single Family Residential,1245 Fienup Lake Dr,Chesterfield,MO,63005,739900,4,3.5,Fienup Farms Seven,3090,13242,2021,,239,125,Sold,,,https://www.redfin.com/MO/Chesterfield/1245-Fienup-Lake-Dr-63005/home/175759972,MARIS,22019113,N,Y,38.6581997,-90.597976
PAST SALE,July-7-2022,Single Family Residential,15 Peppermill Ct,Wildwood,MO,63005,435000,4,3.0,Brentmoor Place 1,3500,20038,1980,,124,33,Sold,,,https://www.redfin.com/MO/Wildwood/15-Peppermill-Ct-63005/home/77441476,MARIS,22035240,N,Y,38.6130336,-90.6063186
PAST SALE,September-30-2020,Single Family Residential,16826 Kehrsbrooke,Chesterfield,MO,63005,650000,5,3.5,Kehrs Mill Estates 3,3968,47045,1985,,164,63,Sold,,,https://www.redfin.com/MO/Chesterfield/16826-Kehrsbrooke-Ct-63005/home/93495667,MARIS,20052643,N,Y,38.6272756,-90.6049307
PAST SALE,June-30-2021,Single Family Residential,1650 Prairie Cord Dr,Chesterfield,MO,63005,1090000,4,3.5,Arbors at Kehrs Mill,4973,27878,2017,,219,108,Sold,,,https://www.redfin.com/MO/Chesterfield/1650-Prairie-Cord-Dr-63005/home/143038671,MARIS,21025716,N,Y,38.6406511,-90.6209716
PAST SALE,July-29-2021,Single Family Residential,1861 Kehrswood Dr,Chesterfield,MO,63005,739000,4,4.5,Kehrswood 1,4921,43996,1988,,150,25,Sold,,,https://www.redfin.com/MO/Chesterfield/1861-Kehrswood-Dr-63005/home/62736076,MARIS,21029075,N,Y,38.6300459,-90.5960341
